type_id	name_internal	name_display	type	job_time	res_time	tribe_mask	cat	cost0	cost1	cost2	cost3	cost4	cost5	preq0	preq1	preq2	from	where	upgrade	jump	obs	show0	show1	modified	grid_x	grid_y	obj_masks	attack	to_hit	attenuate	recharge	min_range	max_range	splash_area	splash_percent	ammo_per_att	proj_speed	hits	armor	domain	los	science_los	guy_spacing	x_spacing	y_spacing	abil	x_size	y_size	guy_radius	block_radius	big_radius	new_block_radius	new_big_radius	fly_high	fly_low	block_points	graft	special_upgrade	special_upgrade_cost	support0	support1	support_cost0	support_cost1	age	unit_flags	unit_flags2	mode	moves	turn_speed	role	carry	carry_size	military_level	research_premium_cost	research_premium_time	job_extra_time	mana	control_cost	progression	push_size	push_circles	target_size	squad_size	uber_size	crew_size	base_form
50	CITIZENS	Citizen	50	50	50	16711679	5	2	0	0	0	0	0	-1	-1	-1	-1	414	-1	-2	-2	-2	-2	0	0	0	4227108	40	0	0	30	0	0	0	100	1	0	40	0	0	2	0	144	144	144	-1	1	1	48	48	48	1	1	0	0	8	-1	-1	0	0	-1	1	0	0	6273	2	0	25	536870912	262912	0	1	0	512	512	10	0	1	0	48	1	144	1	1	0	0
51	CITIZENSKOREAN	Citizen	51	50	50	65536	5	2	0	0	0	0	0	-1	-1	-1	-1	414	-1	-2	-2	-2	-2	0	0	0	4227108	40	0	0	30	0	0	0	100	1	0	40	0	0	2	0	144	144	144	-1	1	1	48	48	48	1	1	0	0	8	50	-1	0	0	-1	1	0	0	6273	2	0	25	536870912	262912	0	1	0	512	512	10	0	1	0	48	1	144	1	1	0	0
52	SCHOLAR	Scholar	52	75	75	16711679	5	0	0	3	0	0	0	-1	-1	-1	-1	420	-1	-2	-2	-2	-2	0	0	0	4227108	30	0	0	30	0	0	0	100	0	0	50	0	0	2	0	144	144	144	-1	1	1	48	48	48	1	1	0	0	8	-1	-1	0	2	-1	2	0	0	6273	2	0	24	536870912	262912	0	1	0	512	512	10	0	1	0	48	1	144	1	1	0	0
53	SCHOLARKOREAN	Scholar	53	75	75	65536	5	0	0	3	0	0	0	-1	-1	-1	-1	420	-1	-2	-2	-2	-2	0	0	0	4227108	30	0	0	30	0	0	0	100	0	0	50	0	0	2	0	144	144	144	-1	1	1	48	48	48	1	1	0	0	8	52	-1	0	2	-1	2	0	0	6273	2	0	24	536870912	262912	0	1	0	512	512	10	0	1	0	48	1	144	1	1	0	0
54	GENERAL	General	54	300	300	16772543	4	0	0	8	0	8	0	552	-1	-1	-1	443	-1	-2	-2	-2	-2	0	0	0	36868	0	0	0	15	0	0	0	100	0	0	109	0	0	8	0	360	360	360	-1	3	3	48	48	48	1	1	0	0	8	-1	-1	0	4	2	20	20	1	6278	34	0	42	190887434	262400	0	1	0	512	512	10	1000	1	0	48	1	144	1	1	1	0
55	GENERALCTWE	General	55	300	300	0	4	0	0	8	0	8	0	552	-1	-1	-1	443	-1	-2	-2	-2	-2	0	0	0	36868	0	0	0	15	0	0	0	100	0	0	109	0	0	8	0	360	360	360	-1	3	3	48	48	48	1	1	0	0	8	-1	-1	0	4	2	20	20	1	6278	0	0	42	190887434	262400	0	1	0	512	512	10	1000	1	0	48	1	144	1	1	1	0
56	GENERALCTWW	General	56	300	300	0	4	0	0	8	0	8	0	552	-1	-1	-1	443	-1	-2	-2	-2	-2	0	0	0	36868	0	0	0	15	0	0	0	100	0	0	109	0	0	8	0	360	360	360	-1	3	3	48	48	48	1	1	0	0	8	-1	-1	0	4	2	20	20	1	6278	0	0	42	190887434	262400	0	1	0	512	512	10	1000	1	0	48	1	144	1	1	1	0
57	GENERALGERMAN	General	57	300	300	4672	4	0	0	8	0	8	0	552	-1	-1	-1	443	-1	-2	-2	-2	-2	0	0	0	36868	0	0	0	15	0	0	0	100	0	0	109	0	0	8	0	360	360	360	-1	3	3	48	48	48	1	1	0	0	8	54	-1	0	4	2	20	20	1	6278	34	0	42	190887434	262400	0	1	0	512	512	10	1000	1	0	48	1	144	1	1	1	0
58	SPY	Spy	58	225	225	16777215	4	0	0	5	0	5	0	552	545	-1	-1	443	-1	-2	-2	-2	-2	0	1	0	32804	0	0	0	30	0	0	0	100	0	100	15	0	0	8	0	144	144	144	-1	1	1	48	48	48	1	1	0	0	8	-1	-1	0	4	2	10	10	1	22660	2	0	21	536870912	262400	0	1	0	512	512	10	1000	1	0	48	1	144	1	1	0	0
59	CARAVAN	Caravan	59	156	156	12582911	5	1	3	0	0	0	0	-1	-1	-1	-1	436	-1	-2	-2	-2	-2	0	0	0	4231172	0	300	0	10	0	5	0	100	1	100	90	0	0	3	0	144	144	144	-1	4	4	48	48	48	1	1	0	0	8	-1	-1	0	0	1	10	5	0	2103426	8	0	26	286331149	262400	0	1	0	512	512	10	0	1	0	48	1	144	1	1	2	0
60	ArmedCaravan	Armed Caravan	60	156	156	4194304	5	1	3	0	0	0	0	-1	-1	-1	-1	436	-1	-2	-2	-2	-2	0	0	0	4231172	60	300	0	40	0	8	0	100	1	100	125	1	0	5	0	144	144	144	-1	4	4	48	48	48	1	1	0	0	8	59	-1	0	0	1	10	5	0	18880642	8	0	26	286331149	262400	0	1	0	512	512	10	0	1	0	48	1	144	1	1	1	0
61	MERCHANT	Merchant	61	156	156	12582911	5	0	3	1	0	0	0	-1	-1	-1	-1	436	-1	-2	-2	-2	-2	0	1	0	4231172	0	0	0	60	0	0	0	100	0	0	90	0	0	3	0	144	144	144	-1	3	3	96	96	96	2	2	0	0	12	-1	-1	0	1	2	10	10	0	6274	6	0	23	190887434	262400	0	2	0	512	512	10	0	1	0	96	1	144	1	1	1	0
62	MERCHANTDUTCH	Armed Merchant	62	156	156	4194304	5	0	3	1	0	0	0	-1	-1	-1	-1	436	-1	-2	-2	-2	-2	0	1	0	4231172	60	300	0	40	0	8	0	100	1	100	125	1	0	5	0	144	144	144	-1	3	3	96	96	96	2	2	0	0	12	61	-1	0	1	2	10	10	0	18880642	6	0	23	190887434	262400	0	2	0	512	512	10	0	1	0	96	1	144	1	1	2	0
63	SUPPLYWAGON	Supply Wagon	63	188	188	11534335	5	8	8	0	0	0	0	545	-1	-1	-1	430	-1	-2	-2	-2	-2	0	4	0	2097156	0	0	0	60	0	0	0	100	0	0	90	0	0	4	0	480	480	480	-1	4	4	96	96	96	2	2	0	0	12	-1	-1	0	1	0	40	40	2	4234	64	0	25	190887434	262400	0	4	0	512	512	10	500	1	0	288	2	144	1	1	2	0
64	SUPPLYWAGONAMER	Supply Wagon	64	188	188	1048576	5	8	8	0	0	0	0	545	-1	-1	-1	430	-1	-2	-2	-2	-2	0	4	0	2097156	0	0	0	60	0	0	0	100	0	0	90	0	0	4	0	480	480	480	-1	4	4	96	96	96	2	2	0	0	12	63	-1	0	1	0	40	40	2	4234	64	0	25	190887434	262400	0	4	0	512	512	10	500	1	0	288	2	144	1	1	2	0
65	ARMEDSUPPLYWAGON	Armed Supply Wagon	65	188	188	4194304	5	8	8	0	0	0	0	545	573	-1	-1	430	-1	-2	-2	-2	-2	0	4	0	2097152	60	300	0	40	0	8	0	100	1	100	125	1	0	5	0	480	480	480	-1	4	4	96	96	96	2	2	0	0	12	63	-1	0	1	0	40	40	2	18878602	64	0	25	190887434	262400	0	4	2	512	512	10	500	1	0	288	2	144	1	1	2	0
66	MILITIA	Militia	66	200	200	16777215	0	8	0	0	0	8	0	544	572	-1	-1	439	67	67	-2	-2	-2	0	0	0	163872	100	300	3	35	0	0	0	100	1	150	50	1	0	6	0	144	144	144	-1	1	1	48	48	48	1	1	0	0	8	-1	-1	0	0	0	2	2	1	38913	2	0	24	286331149	1378305	0	1	1	256	256	10	0	1	0	48	1	144	1	1	0	0
67	MINUTEMAN	Minuteman	67	200	200	16777215	0	30	0	0	0	30	0	547	575	-1	66	439	68	68	-2	-2	-2	0	0	0	32864	190	300	3	35	0	8	0	100	1	350	65	2	0	8	0	144	144	144	-1	1	1	48	48	48	1	1	0	10	8	-1	-1	0	0	0	2	2	4	38913	2	0	24	286331149	1379328	0	1	4	256	256	10	0	1	0	48	1	144	1	1	0	0
68	PARTISANS	Partisan	68	200	200	16777215	0	60	0	0	0	60	0	549	577	-1	67	439	-1	-2	-2	-2	-2	0	0	0	32864	240	300	3	35	0	10	0	100	1	400	85	3	0	10	0	144	144	144	-1	1	1	48	48	48	1	1	0	50	8	-1	-1	0	0	0	2	2	6	301569	2	0	24	286331149	1379328	0	1	6	256	256	10	0	1	0	48	1	144	1	1	0	0
69	SCOUT	Scout	69	180	180	16449535	0	0	0	4	0	4	0	-1	-1	-1	-1	427	71	71	-2	-2	-2	0	4	0	33718308	0	300	0	25	0	3	0	100	1	100	50	0	0	4	2	144	144	144	-1	1	1	48	48	48	1	1	0	0	8	-1	-1	0	2	4	10	10	0	6277	18	0	34	322122544	262416	0	1	0	512	512	10	500	1	0	48	1	144	1	1	1	0
70	SCOUTKOREAN	Scout	70	180	180	65536	0	0	0	4	0	4	0	-1	-1	-1	-1	427	-1	71	-2	-2	-2	0	4	0	33718308	0	300	0	25	0	3	0	100	1	100	50	0	0	4	2	144	144	144	-1	1	1	48	48	48	1	1	0	0	8	69	-1	0	2	4	10	10	0	6277	18	0	34	322122544	262416	0	1	0	512	512	10	500	1	0	48	1	144	1	1	1	0
71	EXPLORER	Explorer	71	180	180	16449535	0	0	0	4	0	4	0	545	-1	-1	69	427	73	73	-2	-2	-2	0	4	0	33718308	0	300	0	25	0	4	0	100	1	100	70	0	0	6	2	144	144	144	-1	1	1	48	48	48	1	1	0	0	8	-1	-1	0	2	4	10	10	2	268805	18	0	35	322122544	262416	0	1	0	512	512	10	1000	1	0	48	1	144	1	1	1	0
72	EXPLORERKOREAN	Explorer	72	180	180	65536	0	0	0	4	0	4	0	545	-1	-1	69	427	-1	73	-2	-2	-2	0	4	0	33718308	0	300	0	25	0	4	0	100	1	100	70	0	0	6	2	144	144	144	-1	1	1	48	48	48	1	1	0	0	8	71	-1	0	2	4	10	10	2	268805	18	0	35	322122544	262416	0	1	0	512	512	10	1000	1	0	48	1	144	1	1	1	0
73	COMMANDO	Commando	73	180	180	16514559	0	0	0	4	0	4	0	548	-1	-1	71	427	75	75	-2	-2	-2	0	4	0	33587556	0	300	0	30	0	6	0	100	1	100	90	0	0	8	2	144	144	144	-1	1	1	48	48	48	1	1	0	0	8	-1	-1	0	2	4	10	10	5	268805	18	0	37	286331149	262416	0	1	0	512	512	10	1000	1	0	48	1	144	1	1	0	0
74	COMMANDOSPANISH	Commando	74	180	180	512	0	0	0	4	0	4	0	548	-1	-1	71	427	-1	75	-2	-2	-2	0	4	0	33587556	0	300	0	30	0	6	0	100	1	100	90	0	0	8	2	144	144	144	-1	1	1	48	48	48	1	1	0	0	8	73	-1	0	2	4	10	10	5	268805	18	0	37	286331149	262416	0	1	0	512	512	10	1000	1	0	48	1	144	1	1	0	0
75	SPECIALFORCES	Special Forces	75	180	180	16776703	0	0	0	4	0	4	0	549	-1	-1	73	427	77	77	-2	-2	-2	0	4	0	33587556	0	300	0	25	0	7	0	100	1	100	110	0	0	10	2	144	144	144	-1	1	1	48	48	48	1	1	0	0	8	-1	-1	0	2	4	10	10	6	268805	18	0	39	286331149	262416	0	1	0	512	512	10	1500	1	0	48	1	144	1	1	0	0
76	SPECIALFORCESSPANISH	Special Forces	76	180	180	512	0	0	0	4	0	4	0	549	-1	-1	73	427	-1	77	-2	-2	-2	0	4	0	33587556	0	300	0	25	0	7	0	100	1	100	110	0	0	10	2	144	144	144	-1	1	1	48	48	48	1	1	0	0	8	75	-1	0	2	4	10	10	6	268805	18	0	39	286331149	262416	0	1	0	512	512	10	1500	1	0	48	1	144	1	1	0	0
77	ELITESPECIAL	Elite Special Forces	77	180	180	16776703	0	0	0	4	0	4	0	550	-1	-1	75	427	-1	-2	-2	-2	-2	0	4	0	33587556	0	300	0	20	0	9	0	100	1	100	130	0	0	12	2	144	144	144	-1	1	1	48	48	48	1	1	0	0	8	-1	-1	0	2	4	10	10	7	268293	18	0	42	286331149	262416	0	1	0	512	512	10	2000	1	0	48	1	144	1	1	0	0
78	ELITESPECIALSPANISH	Elite Special Forces	78	180	180	512	0	0	0	4	0	4	0	550	-1	-1	75	427	-1	-2	-2	-2	-2	0	4	0	33587556	0	300	0	20	0	9	0	100	1	100	130	0	0	12	2	144	144	144	-1	1	1	48	48	48	1	1	0	0	8	77	-1	0	2	4	10	10	7	268293	18	0	42	286331149	262416	0	1	0	512	512	10	2000	1	0	48	1	144	1	1	0	0
79	IRQSCOUT	Takohs	79	180	180	262144	0	0	0	4	0	4	0	-1	-1	-1	-1	427	80	80	-2	-2	-2	0	4	0	33718308	0	300	0	25	0	7	0	100	1	100	60	0	0	5	3	144	144	144	-1	1	1	48	48	48	1	1	0	0	8	69	-1	0	2	4	10	10	0	17045637	18	0	35	286331149	262416	0	1	0	512	512	10	600	1	0	48	1	144	1	1	1	0
80	IRQEXPLORER	Akweks	80	180	180	262144	0	0	0	4	0	4	0	545	-1	-1	79	427	81	81	-2	-2	-2	0	4	0	33718308	0	300	0	25	0	7	0	100	1	100	80	0	0	7	3	144	144	144	-1	1	1	48	48	48	1	1	0	0	8	71	-1	0	2	4	10	10	2	17046021	18	0	36	286331149	262416	0	1	0	512	512	10	1200	1	0	48	1	144	1	1	1	0
81	IRQCOMMANDO	Okwari	81	180	180	262144	0	0	0	4	0	4	0	547	-1	-1	80	427	75	75	-2	-2	-2	0	4	0	33587556	0	300	0	30	0	7	0	100	1	100	100	0	0	9	3	144	144	144	-1	1	1	48	48	48	1	1	0	0	8	73	-1	0	2	4	10	10	4	17046021	18	0	38	286331149	262416	0	1	0	512	512	10	1500	1	0	48	1	144	1	1	0	0
82	SLINGERS	Slingers	82	150	150	16777204	0	4	4	0	0	0	0	-1	-1	-1	-1	427	83	83	-2	-2	-2	0	0	0	196640	100	300	0	33	0	6	0	100	1	150	85	1	0	8	0	144	144	144	-1	1	1	48	48	48	1	1	0	0	8	-1	-1	0	1	0	1	1	0	6529	0	0	28	357913941	1379328	0	1	0	512	512	10	0	1	3	48	1	144	1	3	0	0
83	JAVELINEERS	Javelineers	83	150	150	16777200	0	4	4	0	0	0	0	544	572	-1	82	427	84	84	-2	-2	-2	0	0	0	196640	110	300	0	33	0	6	0	100	1	80	95	1	0	8	0	144	144	144	-1	1	1	48	48	48	1	1	0	0	8	-1	-1	0	1	0	1	1	1	6913	0	0	29	357913941	1379328	0	1	1	512	512	10	0	1	3	48	1	144	1	3	0	0
84	PELTASTS	Elite Javelineers	84	150	150	16760816	0	4	4	0	0	0	0	545	573	-1	83	427	98	98	-2	-2	-2	0	0	0	196640	130	300	0	33	0	6	0	100	1	80	110	1	0	8	0	144	144	144	-1	1	1	48	48	48	1	1	0	0	8	-1	-1	0	1	0	1	1	2	6913	0	0	30	357913941	1379328	0	1	2	512	512	10	0	1	3	48	1	144	1	3	0	0
85	ATLATL	Atl-Atls	85	150	150	1	0	4	4	0	0	0	0	-1	-1	-1	-1	427	86	86	-2	-2	-2	0	0	0	196640	100	300	0	33	0	6	0	100	1	80	95	1	0	8	0	144	144	144	-1	1	1	48	48	48	1	1	0	0	8	82	-1	0	1	0	1	1	0	16783745	0	0	31	357913941	1379328	0	1	0	512	512	10	0	1	3	48	1	144	1	3	0	0
86	ATLATLELITE	Royal Atl-Atls	86	150	150	1	0	4	4	0	0	0	0	544	572	-1	85	427	87	87	-2	-2	-2	0	0	0	196640	110	300	0	33	0	6	0	100	1	80	105	1	0	8	0	144	144	144	-1	1	1	48	48	48	1	1	0	0	8	83	-1	0	1	0	1	1	1	16784129	0	0	32	357913941	1379328	0	1	1	512	512	10	0	1	3	48	1	144	1	3	0	0
87	XOPILLIATLATL	Xopilli Atl-Atls	87	150	150	1	0	4	4	0	0	0	0	545	573	-1	86	427	-1	98	-2	-2	-2	0	0	0	196640	130	300	4	33	0	6	0	100	1	80	120	1	0	8	0	144	144	144	-1	1	1	48	48	48	1	1	0	0	8	84	-1	0	1	0	1	1	2	16784129	0	0	33	357913941	1379328	0	1	2	512	512	10	0	1	3	48	1	144	1	3	0	0
88	BAMOBSLINGERS	Balamob Slingers	88	150	150	2	0	4	4	0	0	0	0	-1	-1	-1	-1	427	89	89	-2	-2	-2	0	0	0	196640	100	300	0	33	0	6	0	100	1	150	85	1	0	8	0	144	144	144	-1	1	1	48	48	48	1	1	0	0	8	82	-1	0	1	0	1	1	0	16783745	0	0	28	357913941	1379328	0	1	0	512	512	10	0	1	3	48	1	144	1	3	0	0
89	BAMOBSLINGERSELITE	Royal Balamob Slingers	89	150	150	2	0	4	4	0	0	0	0	544	572	-1	88	427	90	90	-2	-2	-2	0	0	0	196640	110	300	0	33	0	6	0	100	1	150	95	1	0	8	0	144	144	144	-1	1	1	48	48	48	1	1	0	0	8	83	-1	0	1	0	1	1	1	16784129	0	0	29	357913941	1379328	0	1	1	512	512	10	0	1	3	48	1	144	1	3	0	0
90	EAGLEBALSLINGERS	Eagle Balamob Slingers	90	150	150	2	0	4	4	0	0	0	0	545	573	-1	89	427	-1	98	-2	-2	-2	0	0	0	196640	130	300	4	33	0	6	0	100	1	150	110	1	0	8	0	144	144	144	-1	1	1	48	48	48	1	1	0	0	8	84	-1	0	1	0	1	1	2	16784129	0	0	30	357913941	1379328	0	1	2	512	512	10	0	1	3	48	1	144	1	3	0	0
91	INTICLUBMEN	Inti Clubmen	91	150	150	4	0	4	4	0	0	0	0	544	572	-1	82	427	92	92	-2	-2	-2	0	0	0	4259872	140	0	0	33	0	0	0	100	1	100	104	2	0	8	0	144	144	144	-1	1	1	48	48	48	1	1	0	0	8	83	-1	0	1	0	1	1	1	16784129	0	0	29	357913941	1378305	0	1	1	512	512	10	0	1	3	48	1	144	1	3	0	0
92	INTIMACEMEN	Inti Macemen	92	150	150	4	0	4	4	0	0	0	0	545	573	-1	91	427	-1	98	-2	-2	-2	0	0	0	4259872	160	0	0	33	0	0	0	100	1	100	118	2	0	8	0	144	144	144	-1	1	1	48	48	48	1	1	0	0	8	84	-1	0	1	0	1	1	2	16784129	0	0	30	357913941	1378305	0	1	2	512	512	10	0	1	3	48	1	144	1	3	0	0
93	UMPAKATI	Umpakati	93	125	125	8	0	4	4	0	0	0	0	-1	-1	-1	-1	427	94	94	-2	-2	-2	0	0	0	196640	110	300	0	33	0	6	0	100	1	80	85	1	0	8	0	144	144	144	-1	1	1	48	48	48	1	1	0	0	8	82	-1	0	1	0	1	1	0	16783745	0	0	28	417566264	1379328	0	1	0	512	512	10	0	1	3	48	1	144	1	3	0	0
94	YANGOMBIUMPAKATI	Yangombi Umpakati	94	125	125	8	0	4	4	0	0	0	0	544	572	-1	93	427	95	95	-2	-2	-2	0	0	0	196640	120	300	0	33	0	6	0	100	1	80	95	1	0	8	0	144	144	144	-1	1	1	48	48	48	1	1	0	0	8	83	-1	0	1	0	1	1	1	16784129	0	0	29	477218587	1379328	0	1	1	512	512	10	0	1	3	48	1	144	1	3	0	0
95	IMPI	Impi	95	125	125	8	0	4	4	0	0	0	0	545	573	-1	94	427	-1	98	-2	-2	-2	0	0	0	196640	140	300	4	33	0	6	0	100	1	80	110	1	0	8	0	144	144	144	-1	1	1	48	48	48	1	1	0	0	8	84	-1	0	1	0	1	1	2	16784129	0	0	30	357913941	1379328	0	1	2	512	512	10	0	1	3	48	1	144	1	3	0	0
96	FIRELANCES	Fire Lances	96	150	150	16384	0	4	4	0	0	0	0	545	573	-1	83	427	97	97	-2	-2	-2	0	0	0	104	140	300	0	37	0	10	0	100	1	90	110	1	0	11	0	144	144	144	-1	1	1	48	48	48	1	1	0	25	8	84	-1	0	1	0	1	1	2	16784129	0	0	30	357913941	1379328	0	1	2	512	512	10	0	1	3	48	1	144	1	3	0	0
97	FIRELANCEHEAVY	Heavy Fire Lances	97	169	169	16384	0	7	6	0	0	0	0	546	574	-1	96	427	116	116	-2	-2	-2	0	0	0	104	180	300	7	37	0	12	0	100	1	90	132	2	0	13	0	144	144	144	-1	1	1	48	48	48	1	1	0	25	8	98	-1	0	1	0	1	1	3	16784128	0	0	24	238609293	1379328	0	2	3	512	512	10	0	1	3	48	1	144	1	3	0	0
98	ARQUEBUSIERS	Arquebusiers	98	169	169	16760575	0	7	6	0	0	0	0	546	574	-1	84	427	99	99	-2	-2	-2	0	0	0	104	180	300	0	44	0	10	0	100	1	350	132	2	0	11	0	144	144	144	-1	1	1	48	48	48	1	1	0	25	8	-1	-1	0	1	0	1	1	3	6912	0	0	24	214748362	1379328	0	2	3	512	512	10	0	1	3	48	1	144	1	3	0	0
99	MUSKETEERS	Musketeers	99	169	169	15709951	0	7	6	0	0	0	0	547	575	-1	98	427	100	100	-2	-2	-2	0	0	0	104	200	300	0	44	0	10	0	100	1	350	142	2	0	11	0	144	144	144	-1	1	1	48	48	48	1	1	0	25	8	-1	-1	0	1	0	1	1	4	6912	0	0	24	250539757	1379328	0	2	4	512	512	10	0	1	3	48	1	144	1	3	0	0
100	RIFLEMEN	Riflemen	100	169	169	15706111	0	8	7	0	0	0	0	548	576	-1	99	427	102	102	-2	-2	-2	0	0	0	352	220	300	5	32	0	12	0	100	1	400	156	3	0	13	0	144	144	144	-1	1	1	48	48	48	1	1	0	30	8	-1	-1	0	1	0	1	1	5	6912	0	0	27	286331149	1379328	0	2	5	512	512	10	0	1	3	48	1	144	1	3	0	0
101	RIFLEMENGERMAN	Riflemen	101	169	169	4096	0	8	7	0	0	0	0	548	576	-1	99	427	-1	102	-2	-2	-2	0	0	0	352	220	300	5	32	0	12	0	100	1	400	156	3	0	13	0	144	144	144	-1	1	1	48	48	48	1	1	0	30	8	100	-1	0	1	0	1	1	5	6912	0	0	27	286331149	1379328	0	2	5	512	512	10	0	1	3	48	1	144	1	3	0	0
102	INFANTRY	Infantry	102	169	169	15699390	0	8	7	0	0	0	0	549	577	-1	100	427	106	104	-2	-2	-2	0	0	0	352	240	300	4	32	0	13	0	100	1	450	161	4	0	14	0	144	144	144	-1	1	1	48	48	48	1	1	0	33	8	-1	-1	0	1	0	1	1	6	6912	0	0	32	322122544	1379328	0	2	6	512	512	10	0	1	3	48	1	144	1	3	0	0
103	INFANTRYGER	Infantry	103	169	169	576	0	8	7	0	0	0	0	549	577	-1	100	427	-1	104	-2	-2	-2	0	0	0	352	240	300	4	32	0	13	0	100	1	450	161	4	0	14	0	144	144	144	-1	1	1	48	48	48	1	1	0	33	8	102	-1	0	1	0	1	1	6	6912	0	0	32	322122544	1379328	0	2	6	512	512	10	0	1	3	48	1	144	1	3	0	0
104	ASSAULTINFANTRY	Assault Infantry	104	169	169	15720446	0	8	7	0	0	0	0	550	578	-1	102	427	-1	-2	-2	-2	-2	0	0	0	352	250	300	4	32	0	14	0	100	1	450	180	4	0	15	0	144	144	144	-1	1	1	48	48	48	1	1	0	33	8	-1	-1	0	1	0	1	1	7	6912	0	0	34	357913941	1379328	0	2	7	512	512	10	0	1	3	48	1	144	1	3	0	0
105	ASSAULTINFANTRYCTWE	Assault Infantry	105	169	169	0	0	8	7	0	0	0	0	550	578	-1	102	427	-1	-2	-2	-2	-2	0	0	0	352	250	300	4	32	0	14	0	100	1	450	180	4	0	15	0	144	144	144	-1	1	1	48	48	48	1	1	0	33	8	-1	-1	0	1	0	1	1	7	6912	0	0	34	357913941	1379328	0	2	7	512	512	10	0	1	3	48	1	144	1	3	0	0
106	ASSAULTINFANTRYCTWW	Assault Infantry	106	169	169	0	0	8	7	0	0	0	0	550	578	-1	102	427	-1	-2	-2	-2	-2	0	0	0	352	250	300	4	32	0	14	0	100	1	450	180	4	0	15	0	144	144	144	-1	1	1	48	48	48	1	1	0	33	8	-1	-1	0	1	0	1	1	7	6912	0	0	34	357913941	1379328	0	2	7	512	512	10	0	1	3	48	1	144	1	3	0	0
107	REDGUARD	Red Guards Infantry	107	169	169	8192	0	8	6	0	0	0	0	549	577	-1	100	427	108	108	-2	-2	-2	0	0	0	352	240	300	4	32	0	13	0	100	1	450	161	4	0	14	0	144	144	144	-1	1	1	48	48	48	1	1	0	33	8	102	-1	0	1	0	1	1	6	16784128	0	0	32	322122544	1379328	0	2	6	512	512	10	0	1	3	48	1	144	1	3	0	0
108	SHOCKINFANTRY	Shock Infantry	108	169	169	8192	0	8	6	0	0	0	0	550	578	-1	107	427	-1	-2	-2	-2	-2	0	0	0	352	260	300	4	32	0	14	0	100	1	450	180	4	0	15	0	144	144	144	-1	1	1	48	48	48	1	1	0	33	8	104	-1	0	1	0	1	1	7	16784128	0	0	34	357913941	1379328	0	2	7	512	512	10	0	1	3	48	1	144	1	3	0	0
109	INFANTRYGERMAN	Volksgrenadiers	109	169	169	4096	0	8	7	0	0	0	0	549	577	-1	100	427	106	104	-2	-2	-2	0	0	0	352	240	300	4	32	0	13	0	100	1	450	171	4	0	14	0	144	144	144	-1	1	1	48	48	48	1	1	0	33	8	102	-1	0	1	0	1	1	6	16784128	0	0	35	322122544	1379328	0	2	6	512	512	10	0	1	3	48	1	144	1	3	0	0
110	JAGINFANTRY	Jaguar Infantry	110	169	169	1	0	8	7	0	0	0	0	549	577	-1	100	427	111	111	-2	-2	-2	0	0	0	352	250	300	4	32	0	13	0	100	1	450	171	5	0	14	0	144	144	144	-1	1	1	48	48	48	1	1	0	33	8	102	-1	0	1	0	1	1	6	16784128	0	0	35	322122544	1379328	0	2	6	512	512	10	0	1	3	48	1	144	1	3	0	0
111	JAGUARASSAULTINF	Jaguar Assault Infantry	111	169	169	1	0	8	7	0	0	0	0	550	578	-1	110	427	-1	-2	-2	-2	-2	0	0	0	352	270	300	4	32	0	15	0	100	1	450	181	5	0	16	0	144	144	144	-1	1	1	48	48	48	1	1	0	33	8	104	-1	0	1	0	1	1	7	16784128	0	0	37	357913941	1379328	0	2	7	512	512	10	0	1	3	48	1	144	1	3	0	0
112	JANISSARY	Janissaries	112	169	169	256	0	7	6	0	0	0	0	546	574	-1	84	427	113	113	-2	-2	-2	0	0	0	104	190	300	7	45	0	10	0	100	1	350	132	2	0	11	0	144	144	144	-1	1	1	48	48	48	1	1	0	25	8	98	-1	0	1	0	1	1	3	16784128	0	0	27	250539757	1379328	0	2	3	512	512	10	0	1	3	48	1	144	1	3	0	0
113	JANISSARYROYAL	Royal Janissaries	113	169	169	256	0	7	6	0	0	0	0	547	575	-1	112	427	100	100	-2	-2	-2	0	0	0	104	210	300	6	40	0	10	0	100	1	350	142	2	0	11	0	144	144	144	-1	1	1	48	48	48	1	1	0	25	8	99	-1	0	1	0	1	1	4	16784128	0	0	27	345983472	1379328	0	2	4	512	512	10	0	1	3	48	1	144	1	3	0	0
114	HIGHLANDER	Highlanders	114	169	169	2048	0	7	6	0	0	0	0	547	575	-1	98	427	115	115	-2	-2	-2	0	0	0	104	200	300	6	44	0	10	0	100	1	350	142	2	0	11	0	144	144	144	-1	1	1	48	48	48	1	1	0	25	8	99	-1	0	1	0	1	1	4	16784128	0	0	24	250539757	1379328	0	2	4	512	512	10	0	1	3	48	1	144	1	3	0	0
115	HIGHLANDERELITE	Black Watch	115	169	169	2048	0	7	6	0	0	0	0	548	576	-1	114	427	102	102	-2	-2	-2	0	0	0	352	220	300	5	32	0	12	0	100	1	400	152	3	0	13	0	144	144	144	-1	1	1	48	48	48	1	1	0	30	8	100	-1	0	1	0	1	1	5	16784128	0	0	28	286331149	1379328	0	2	5	512	512	10	0	1	3	48	1	144	1	3	0	0
116	MANCHUMUSKETEERS	Manchu Musketeers	116	138	138	16384	0	7	5	0	0	0	0	547	575	-1	97	427	117	117	-2	-2	-2	0	0	0	104	200	300	6	44	0	12	0	100	1	350	142	2	0	13	0	144	144	144	-1	1	1	48	48	48	1	1	0	25	8	99	-1	0	1	0	1	1	4	16784128	0	0	24	250539757	1379328	0	2	4	512	512	10	0	1	3	48	1	144	1	3	0	0
117	MANCHURIFLEMEN	Manchu Riflemen	117	138	138	16384	0	8	6	0	0	0	0	548	576	-1	116	427	118	118	-2	-2	-2	0	0	0	352	220	300	5	32	0	13	0	100	1	400	156	3	0	14	0	144	144	144	-1	1	1	48	48	48	1	1	0	30	8	100	-1	0	1	0	1	1	5	16784128	0	0	27	286331149	1379328	0	2	5	512	512	10	0	1	3	48	1	144	1	3	0	0
118	MANCHUINFANTRY	Manchu Infantry	118	138	138	16384	0	8	6	0	0	0	0	549	577	-1	117	427	106	104	-2	-2	-2	0	0	0	352	240	300	4	32	0	14	0	100	1	450	161	4	0	15	0	144	144	144	-1	1	1	48	48	48	1	1	0	33	8	102	-1	0	1	0	1	1	6	16784128	0	0	32	322122544	1379328	0	2	6	512	512	10	0	1	3	48	1	144	1	3	0	0
119	MARINES	Continental Marines	119	169	169	1048576	0	7	6	0	0	0	0	547	575	-1	98	427	120	120	-2	-2	-2	0	0	0	104	200	300	0	44	0	10	0	100	1	350	150	2	0	11	0	144	144	144	-1	1	1	48	48	48	1	1	0	25	8	99	-1	0	1	0	1	1	4	16784129	0	0	24	250539757	1379328	0	2	4	512	512	10	0	1	3	48	1	144	1	3	0	0
120	MARINERIFLEMEN	Marine Riflemen	120	169	169	1048576	0	8	7	0	0	0	0	548	576	-1	119	427	121	121	-2	-2	-2	0	0	0	352	220	300	5	32	0	12	0	100	1	400	165	3	0	13	0	144	144	144	-1	1	1	48	48	48	1	1	0	30	8	100	-1	0	1	0	1	1	5	16784129	0	0	27	286331149	1379328	0	2	5	512	512	10	0	1	3	48	1	144	1	3	0	0
121	MARINEINFANTRY	Marine Infantry	121	169	169	1048576	0	8	7	0	0	0	0	549	577	-1	120	427	122	122	-2	-2	-2	0	0	0	352	240	300	4	32	0	13	0	100	1	450	170	4	0	14	0	144	144	144	-1	1	1	48	48	48	1	1	0	33	8	102	-1	0	1	0	1	1	6	16784129	0	0	32	322122544	1379328	0	2	6	512	512	10	0	1	3	48	1	144	1	3	0	0
122	ASSAULTMARINES	Assault Marines	122	169	169	1048576	0	8	7	0	0	0	0	550	578	-1	121	427	-1	-2	-2	-2	-2	0	0	0	352	250	300	4	32	0	14	0	100	1	450	190	4	0	15	0	144	144	144	-1	1	1	48	48	48	1	1	0	33	8	104	-1	0	1	0	1	1	7	16784129	0	0	34	357913941	1379328	0	2	7	512	512	10	0	1	3	48	1	144	1	3	0	0
123	MACHINEGUN	Machine Gun	123	225	225	16773119	0	0	0	8	0	7	0	548	576	-1	-1	427	125	125	-2	-2	-2	0	2	0	524384	330	300	0	50	0	14	0	100	6	450	140	2	0	15	0	300	300	300	-1	3	3	48	48	48	1	1	0	33	8	-1	-1	0	2	4	10	10	5	4228	7	0	20	322122544	1379328	0	2	5	512	512	10	0	1	0	48	1	144	1	1	1	0
124	MACHINEGUNGERMAN	Machine Gun	124	225	225	4096	0	0	0	8	0	7	0	548	576	-1	-1	427	-1	125	-2	-2	-2	0	2	0	524384	330	300	0	50	0	14	0	100	6	450	140	2	0	15	0	300	300	300	-1	3	3	48	48	48	1	1	0	33	8	123	-1	0	2	4	10	10	5	4228	7	0	20	322122544	1379328	0	2	5	512	512	10	0	1	0	48	1	144	1	1	1	0
125	HVYMACHINEGUN	Heavy Machine Gun	125	225	225	16772543	0	0	0	8	0	7	0	549	577	-1	123	427	129	127	-2	-2	-2	0	2	0	524384	360	300	0	50	0	15	0	100	6	450	155	2	0	16	0	300	300	300	-1	3	3	48	48	48	1	1	0	33	8	-1	-1	0	2	4	10	10	6	4612	7	0	21	322122544	1379328	0	2	6	512	512	10	0	1	0	48	1	144	1	1	1	0
126	HVYMACHINEGUNGERMAN	Heavy Machine Gun	126	225	225	576	0	0	0	8	0	7	0	549	577	-1	123	427	-1	127	-2	-2	-2	0	2	0	524384	360	300	0	50	0	15	0	100	6	450	155	2	0	16	0	300	300	300	-1	3	3	48	48	48	1	1	0	33	8	125	-1	0	2	4	10	10	6	4612	7	0	21	322122544	1379328	0	2	6	512	512	10	0	1	0	48	1	144	1	1	1	0
127	ADVMACHINEGUN	Advanced Machine Gun	127	225	225	16777215	0	0	0	8	0	7	0	550	578	-1	125	427	-1	-2	-2	-2	-2	0	2	0	524384	390	300	0	50	0	17	0	100	6	450	170	2	0	18	0	300	300	300	-1	3	3	48	48	48	1	1	0	33	8	-1	-1	0	2	4	10	10	7	4612	7	0	22	322122544	1379328	0	2	7	512	512	10	0	1	0	48	1	144	1	1	1	0
128	ADVMACHINEGUNCTWE	Advanced Machine Gun	128	225	225	0	0	0	0	8	0	7	0	550	578	-1	125	427	-1	-2	-2	-2	-2	0	2	0	524384	390	300	0	50	0	17	0	100	6	450	170	2	0	18	0	300	300	300	-1	3	3	48	48	48	1	1	0	33	8	-1	-1	0	2	4	10	10	7	4612	7	0	22	322122544	1379328	0	2	7	512	512	10	0	1	0	48	1	144	1	1	1	0
129	ADVMACHINEGUNCTWW	Advanced Machine Gun	129	225	225	0	0	0	0	8	0	7	0	550	578	-1	125	427	-1	-2	-2	-2	-2	0	2	0	524384	390	300	0	50	0	17	0	100	6	450	170	2	0	18	0	300	300	300	-1	3	3	48	48	48	1	1	0	33	8	-1	-1	0	2	4	10	10	7	4612	7	0	22	322122544	1379328	0	2	7	512	512	10	0	1	0	48	1	144	1	1	1	0
130	HVYMACHINEGUNGER	MG42	130	225	225	4096	0	0	0	8	0	7	0	549	577	-1	123	427	129	127	-2	-2	-2	0	2	0	524384	360	300	0	50	0	15	0	100	6	450	155	2	0	16	0	300	300	300	-1	3	3	48	48	48	1	1	0	33	8	125	-1	0	2	4	10	10	6	16781828	7	0	21	322122544	1379328	0	2	6	512	512	10	0	1	0	48	1	144	1	1	1	0
131	FLAMETHROWER	Flamethrower	131	188	188	16777215	0	8	0	0	0	6	0	548	576	-1	-1	427	-1	-2	-2	-2	-2	0	3	0	8421410	200	300	0	30	0	6	0	100	3	450	125	0	0	7	0	144	144	144	-1	1	1	48	48	48	1	1	0	0	8	-1	-1	0	4	0	1	1	5	6532	1	0	24	238609293	1379328	0	1	5	512	512	10	0	1	3	48	1	144	1	1	0	0
132	HOPLITE	Hoplites	132	188	188	8089599	0	5	0	0	0	3	0	-1	-1	-1	-1	427	394	133	-2	-2	-2	0	1	0	1077936288	130	0	0	32	0	0	0	100	0	0	120	4	0	6	0	144	144	144	-1	1	1	48	48	48	1	1	0	0	8	-1	-1	0	0	4	1	1	0	6528	0	0	25	190887434	329731	0	2	0	512	512	10	0	1	3	48	1	144	1	3	0	0
133	PHALANX	Phalanx	133	188	188	8089023	0	5	0	0	0	3	0	544	572	-1	132	427	134	134	-2	-2	-2	0	1	0	1077936288	150	0	0	32	0	0	0	100	0	0	145	4	0	7	0	144	144	144	-1	1	1	48	48	48	1	1	0	0	8	-1	-1	0	0	4	1	1	1	6912	0	0	25	190887434	329731	0	2	1	512	512	10	0	1	3	48	1	144	1	3	0	0
134	PIKEMEN	Pikemen	134	188	188	8089023	0	5	0	0	0	3	0	545	573	-1	133	427	135	135	-2	-2	-2	0	1	0	1077936288	170	0	0	32	0	0	0	100	0	0	170	4	0	8	0	144	144	144	-1	1	1	48	48	48	1	1	0	0	8	-1	-1	0	0	4	1	1	2	6912	0	0	25	190887434	329731	0	2	2	512	512	10	0	1	3	48	1	144	1	3	0	0
135	PIKEMENELITE	Elite Pikemen	135	188	188	8089023	0	6	0	0	0	5	0	546	574	-1	134	427	136	136	-2	-2	-2	0	1	0	1077936288	190	0	0	32	0	0	0	100	0	0	195	4	0	9	0	144	144	144	-1	1	1	48	48	48	1	1	0	0	8	-1	-1	0	0	4	1	1	3	6912	0	0	25	190887434	329731	0	2	3	512	512	10	0	1	3	48	1	144	1	3	0	0
136	FUSILIER	Fusiliers	136	188	188	16743935	0	6	0	0	0	5	0	547	575	-1	135	427	137	137	-2	-2	-2	0	1	0	1073742048	200	300	0	32	0	6	0	100	1	350	200	4	0	10	0	144	144	144	-1	1	1	48	48	48	1	1	0	20	8	-1	-1	0	0	4	1	1	4	6912	0	0	25	190887434	330754	0	2	4	512	512	10	0	1	3	48	1	144	1	3	0	0
137	ANTITANKRIFLE	Anti-tank Rifle	137	188	188	16773119	0	8	0	0	0	6	0	548	576	-1	136	427	139	139	-2	-2	-2	0	1	0	1074790624	220	300	0	32	0	8	0	100	1	350	215	4	0	11	0	144	144	144	-1	1	1	48	48	48	1	1	0	20	8	-1	-1	0	0	4	1	1	5	6912	0	0	25	190887434	330754	0	2	5	512	512	10	0	1	3	48	1	144	1	3	0	0
138	ANTITANKRIFLEGERMAN	Anti-tank Rifle	138	188	188	4096	0	8	0	0	0	6	0	548	576	-1	136	427	-1	139	-2	-2	-2	0	1	0	1074790624	220	300	0	32	0	8	0	100	1	350	215	4	0	11	0	144	144	144	-1	1	1	48	48	48	1	1	0	20	8	137	-1	0	0	4	1	1	5	6912	0	0	25	190887434	330754	0	2	5	512	512	10	0	1	3	48	1	144	1	3	0	0
139	BAZOOKA	Bazooka	139	188	188	16772541	0	8	0	0	0	6	0	549	577	-1	137	427	143	141	-2	-2	-2	0	1	0	1083179232	230	300	0	32	0	9	0	50	1	200	247	5	0	13	0	144	144	144	-1	1	1	48	48	48	1	1	0	20	8	-1	-1	0	0	4	1	1	6	6912	0	0	25	190887434	330754	0	2	6	512	512	10	0	1	3	48	1	144	1	3	0	0
140	BAZOOKAGERMAN	Bazooka	140	188	188	4672	0	8	0	0	0	6	0	549	577	-1	137	427	-1	141	-2	-2	-2	0	1	0	1083179232	230	300	0	32	0	9	0	50	1	200	247	5	0	13	0	144	144	144	-1	1	1	48	48	48	1	1	0	20	8	139	-1	0	0	4	1	1	6	6912	0	0	25	190887434	330754	0	2	6	512	512	10	0	1	3	48	1	144	1	3	0	0
141	TOW	Anti-Tank Missile	141	188	188	16777213	0	8	0	0	0	6	0	550	578	-1	139	427	-1	-2	-2	-2	-2	0	1	0	1083179232	240	300	0	32	0	10	0	50	1	200	265	5	0	15	0	144	144	144	-1	1	1	48	48	48	1	1	0	20	8	-1	-1	0	0	4	1	1	7	6912	0	0	25	190887434	330754	0	2	7	512	512	10	0	1	3	48	1	144	1	3	0	0
142	TOWCTWE	Anti-Tank Missile	142	188	188	0	0	8	0	0	0	6	0	550	578	-1	139	427	-1	-2	-2	-2	-2	0	1	0	1083179232	240	300	0	32	0	10	0	50	1	200	265	5	0	15	0	144	144	144	-1	1	1	48	48	48	1	1	0	20	8	-1	-1	0	0	4	1	1	7	6912	0	0	25	190887434	330754	0	2	7	512	512	10	0	1	3	48	1	144	1	3	0	0
143	TOWCTWW	Anti-Tank Missile	143	188	188	0	0	8	0	0	0	6	0	550	578	-1	139	427	-1	-2	-2	-2	-2	0	1	0	1083179232	240	300	0	32	0	10	0	50	1	200	265	5	0	15	0	144	144	144	-1	1	1	48	48	48	1	1	0	20	8	-1	-1	0	0	4	1	1	7	6912	0	0	25	190887434	330754	0	2	7	512	512	10	0	1	3	48	1	144	1	3	0	0
144	RECOILGUN	Recoilless Gun	144	188	188	2	0	8	0	0	0	6	0	549	577	-1	137	427	145	145	-2	-2	-2	0	1	0	1083179232	230	300	0	32	0	9	0	50	1	200	247	5	0	14	0	144	144	144	-1	1	1	48	48	48	1	1	0	20	8	139	-1	0	0	4	1	1	6	16784128	0	0	25	190887434	330754	0	2	6	512	512	10	0	1	3	48	1	144	1	3	0	0
145	DRAGON	Dragon AT Missile	145	188	188	2	0	8	0	0	0	6	0	550	578	-1	144	427	-1	-2	-2	-2	-2	0	1	0	1083179232	240	300	0	32	0	10	0	50	1	200	265	5	0	15	0	144	144	144	-1	1	1	48	48	48	1	1	0	20	8	141	-1	0	0	4	1	1	7	16784128	0	0	25	190887434	330754	0	2	7	512	512	10	0	1	3	48	1	144	1	3	0	0
146	LEGION	Legions	146	188	188	64	0	5	0	0	0	3	0	544	572	-1	132	427	147	147	-2	-2	-2	0	1	0	1077936288	150	0	0	32	0	0	0	100	0	0	145	4	0	7	0	144	144	144	-1	1	1	48	48	48	1	1	0	0	8	133	-1	0	0	4	1	1	1	16784128	0	0	27	190887434	329731	0	2	1	512	512	10	0	1	3	48	1	144	1	3	0	0
147	LEGIONELITE	Caesar's Legions	147	188	188	64	0	5	0	0	0	3	0	545	573	-1	146	427	148	148	-2	-2	-2	0	1	0	1077936288	170	0	0	32	0	0	0	100	0	0	170	4	0	8	0	144	144	144	-1	1	1	48	48	48	1	1	0	0	8	134	-1	0	0	4	1	1	2	16784128	0	0	27	190887434	329731	0	2	2	512	512	10	0	1	3	48	1	144	1	3	0	0
148	PIKELEGION	Praetorian Guards	148	188	188	64	0	6	0	0	0	5	0	546	574	-1	147	427	136	136	-2	-2	-2	0	1	0	1077936288	190	0	0	32	0	0	0	100	0	0	195	4	0	9	0	144	144	144	-1	1	1	48	48	48	1	1	0	0	8	135	-1	0	0	4	1	1	3	16784128	0	0	27	190887434	329731	0	2	3	512	512	10	0	1	3	48	1	144	1	3	0	0
149	SCUTARI	Scutari	149	188	188	512	0	5	0	0	0	3	0	544	572	-1	132	427	150	150	-2	-2	-2	0	1	0	1077936288	150	0	0	32	0	0	0	100	0	0	145	4	0	7	0	144	144	144	-1	1	1	48	48	48	1	1	0	0	8	133	-1	0	0	4	1	1	1	16784128	0	0	25	190887434	329731	0	2	1	512	512	10	0	1	3	48	1	144	1	3	0	0
150	SCUTARIELITE	Royal Scutari	150	188	188	512	0	5	0	0	0	3	0	545	573	-1	149	427	151	151	-2	-2	-2	0	1	0	1077936288	170	0	0	32	0	0	0	100	0	0	170	4	0	8	0	144	144	144	-1	1	1	48	48	48	1	1	0	0	8	134	-1	0	0	4	1	1	2	16784128	0	0	25	190887434	329731	0	2	2	512	512	10	0	1	3	48	1	144	1	3	0	0
151	SWORDSMEN	Tercios	151	188	188	512	0	6	0	0	0	5	0	546	574	-1	150	427	152	152	-2	-2	-2	0	1	0	1073742048	180	300	0	44	0	5	0	100	1	350	185	4	0	9	0	144	144	144	-1	1	1	48	48	48	1	1	0	0	8	135	-1	0	0	4	1	1	3	16784128	0	0	25	190887434	330754	0	2	3	512	512	10	0	1	3	48	1	144	1	3	0	0
152	SWORDSMENELITE	Royal Tercios	152	188	188	512	0	6	0	0	0	5	0	547	575	-1	151	427	137	137	-2	-2	-2	0	1	0	1073742048	200	300	0	44	0	6	0	100	1	350	200	4	0	10	0	144	144	144	-1	1	1	48	48	48	1	1	0	0	8	136	-1	0	0	4	1	1	4	16784128	0	0	25	190887434	330754	0	2	4	512	512	10	0	1	3	48	1	144	1	3	0	0
153	SOLDURI	Solduri	153	160	160	4096	0	5	0	0	0	3	0	-1	-1	-1	-1	427	154	154	-2	-2	-2	0	1	0	1077936288	130	0	0	32	0	0	0	100	0	0	130	5	0	6	0	168	144	144	-1	1	1	48	48	48	1	1	0	0	8	132	-1	0	0	4	1	1	0	16783744	0	0	25	190887434	329731	0	2	0	512	512	10	0	1	3	48	1	144	1	3	0	0
154	BARBARIAN	Barbarians	154	160	160	4096	0	5	0	0	0	3	0	544	572	-1	153	427	155	155	-2	-2	-2	0	1	0	1077936288	150	0	0	32	0	0	0	100	0	0	155	5	0	7	0	156	144	144	-1	1	1	48	48	48	1	1	0	0	8	133	-1	0	0	4	1	1	1	16784128	0	0	25	190887434	329731	0	2	1	512	512	10	0	1	3	48	1	144	1	3	0	0
155	BARBARIANVANDALS	Vandals	155	160	160	4096	0	5	0	0	0	3	0	545	573	-1	154	427	156	156	-2	-2	-2	0	1	0	1077936288	170	0	0	32	0	0	0	100	0	0	180	5	0	8	0	144	144	144	-1	1	1	48	48	48	1	1	0	0	8	134	-1	0	0	4	1	1	2	16784128	0	0	25	190887434	329731	0	2	2	512	512	10	0	1	3	48	1	144	1	3	0	0
156	BARBARIANLANDS	Landsknechts	156	160	160	4096	0	6	0	0	0	5	0	546	574	-1	155	427	136	136	-2	-2	-2	0	1	0	1077936288	190	0	0	32	0	0	0	100	0	0	205	5	0	9	0	180	144	144	-1	1	1	48	48	48	1	1	0	0	8	135	-1	0	0	4	1	1	3	16784128	0	0	25	190887434	329731	0	2	3	512	512	10	0	1	3	48	1	144	1	3	0	0
157	ASHIGARU	Ashigaru Spearmen	157	188	188	32768	0	5	0	0	0	3	0	-1	-1	-1	-1	427	158	158	-2	-2	-2	0	1	0	1077936288	140	0	0	30	0	0	0	100	0	0	125	5	0	6	0	144	144	144	-1	1	1	48	48	48	1	1	0	0	8	132	-1	0	0	4	1	1	0	16783744	0	0	25	226678826	329731	0	2	0	512	512	10	0	1	3	48	1	144	1	3	0	0
158	BUSHI	Bushi	158	188	188	32768	0	5	0	0	0	3	0	544	572	-1	157	427	159	159	-2	-2	-2	0	1	0	1077936288	160	0	0	30	0	0	0	100	0	0	150	5	0	7	0	144	144	144	-1	1	1	48	48	48	1	1	0	0	8	133	-1	0	0	4	1	1	1	16784128	0	0	25	226678826	329731	0	2	1	512	512	10	0	1	3	48	1	144	1	3	0	0
159	BUSHIELITE	Elite Bushi	159	188	188	32768	0	5	0	0	0	3	0	545	573	-1	158	427	160	160	-2	-2	-2	0	1	0	1077936288	180	0	0	30	0	0	0	100	0	0	175	5	0	8	0	144	144	144	-1	1	1	48	48	48	1	1	0	0	8	134	-1	0	0	4	1	1	2	16784128	0	0	25	226678826	329731	0	2	2	512	512	10	0	1	3	48	1	144	1	3	0	0
160	SAMURAI	Samurai	160	188	188	32768	0	6	0	0	0	5	0	546	574	-1	159	427	161	161	-2	-2	-2	0	1	0	1077936288	200	0	0	15	0	0	0	100	0	0	200	5	0	9	0	144	144	144	-1	1	1	48	48	48	1	1	0	0	8	135	-1	0	0	4	1	1	3	16784128	0	0	25	226678826	329731	0	2	3	512	512	10	0	1	3	48	1	144	1	3	0	0
161	GUNSAMURAI	Gun Samurai	161	188	188	32768	0	6	0	0	0	5	0	547	575	-1	160	427	137	137	-2	-2	-2	0	1	0	1073742048	210	300	0	30	0	6	0	100	1	350	205	5	0	10	0	144	144	144	-1	1	1	48	48	48	1	1	0	20	8	136	-1	0	0	4	1	1	4	16784128	0	0	25	226678826	330754	0	2	4	512	512	10	0	1	3	48	1	144	1	3	0	0
162	IMMORTAL	Immortals	162	188	188	8388608	0	5	0	0	0	3	0	-1	-1	-1	-1	427	163	163	-2	-2	-2	0	1	0	1073873056	120	300	0	32	0	6	0	100	1	100	115	4	0	10	0	144	144	144	-1	1	1	48	48	48	1	1	0	0	8	132	-1	0	0	4	1	1	0	16783744	0	0	26	190887434	330754	0	2	0	512	512	10	0	1	3	48	1	144	1	3	0	0
163	ANUSIYA	Anusiya	163	188	188	8388608	0	5	0	0	0	4	0	544	572	-1	162	427	164	164	-2	-2	-2	0	1	0	1073873056	140	300	0	32	0	6	0	100	1	100	140	4	0	10	0	144	144	144	-1	1	1	48	48	48	1	1	0	0	8	133	-1	0	0	4	1	1	1	16784128	0	0	26	190887434	330754	0	2	1	512	512	10	0	1	3	48	1	144	1	3	0	0
164	ATHANATOI	Athanatoi	164	188	188	8388608	0	6	0	0	0	4	0	545	573	-1	163	427	165	165	-2	-2	-2	0	1	0	1073873056	160	300	0	32	0	6	0	100	1	100	165	4	0	10	0	144	144	144	-1	1	1	48	48	48	1	1	0	0	8	134	-1	0	0	4	1	1	2	16784128	0	0	26	190887434	330754	0	2	2	512	512	10	0	1	3	48	1	144	1	3	0	0
165	ARQIMMORTAL	Arqimmortal	165	188	188	8388608	0	6	0	0	0	5	0	546	574	-1	164	427	136	136	-2	-2	-2	0	1	0	1073742048	180	300	0	32	0	6	0	100	1	100	185	4	0	10	0	144	144	144	-1	1	1	48	48	48	1	1	0	0	8	135	-1	0	0	4	1	1	3	16784128	0	0	26	190887434	330754	0	2	3	512	512	10	0	1	3	48	1	144	1	3	0	0
166	SPEARMEN	Spearmen	166	188	188	262144	0	5	0	0	0	3	0	-1	-1	-1	-1	427	167	167	-2	-2	-2	0	1	0	1077936288	130	0	0	32	0	0	0	100	0	0	120	4	0	6	0	144	144	144	-1	1	1	48	48	48	1	1	0	0	8	132	-1	0	0	4	1	1	0	16783744	0	0	25	190887434	329731	0	2	0	512	512	10	0	1	3	48	1	144	1	3	0	0
167	MOHAWK	Mohawk Spearmen	167	188	188	262144	0	5	0	0	0	3	0	544	572	-1	166	427	168	168	-2	-2	-2	0	1	0	1077936288	150	0	0	32	0	0	0	100	0	0	145	4	0	7	0	144	144	144	-1	1	1	48	48	48	1	1	0	0	8	133	-1	0	0	4	1	1	1	16784128	0	0	25	190887434	329731	0	2	1	512	512	10	0	1	3	48	1	144	1	3	0	0
168	HEAVYMOHAWK	Heavy Mohawk Spearmen	168	188	188	262144	0	5	0	0	0	3	0	545	573	-1	167	427	169	169	-2	-2	-2	0	1	0	1077936288	170	0	0	32	0	0	0	100	0	0	170	4	0	8	0	144	144	144	-1	1	1	48	48	48	1	1	0	0	8	134	-1	0	0	4	1	1	2	16784128	0	0	25	190887434	329731	0	2	2	512	512	10	0	1	3	48	1	144	1	3	0	0
169	ELITEMOHAWK	Elite Mohawk Spearmen	169	188	188	262144	0	6	0	0	0	5	0	546	574	-1	168	427	136	136	-2	-2	-2	0	1	0	1077936288	190	0	0	32	0	0	0	100	0	0	195	4	0	9	0	144	144	144	-1	1	1	48	48	48	1	1	0	0	8	135	-1	0	0	4	1	1	3	16784128	0	0	25	190887434	329731	0	2	3	512	512	10	0	1	3	48	1	144	1	3	0	0
170	BOWMEN	Bowmen	170	169	169	16711679	0	0	4	5	0	0	0	-1	-1	-1	-1	427	171	171	-2	-2	-2	0	2	0	132128	120	300	0	30	0	10	0	100	1	100	70	0	0	11	0	144	144	144	-1	1	1	48	48	48	1	1	0	0	8	-1	-1	0	1	2	1	1	0	6528	0	0	26	286331149	1379328	0	2	0	512	512	10	0	1	3	48	1	144	1	3	0	0
171	ARCHERS	Archers	171	169	169	16709615	0	0	4	5	0	0	0	544	572	-1	170	427	172	172	-2	-2	-2	0	2	0	132128	140	300	0	30	0	10	0	100	1	100	80	0	0	11	0	144	144	144	-1	1	1	48	48	48	1	1	0	0	8	-1	-1	0	1	2	1	1	1	6912	0	0	26	286331149	1379328	0	2	1	512	512	10	0	1	3	48	1	144	1	3	0	0
172	CROSSBOWMEN	Crossbowmen	172	169	169	15923176	0	0	4	5	0	0	0	545	573	-1	171	427	-1	99	-2	-2	-2	0	2	0	132128	160	300	0	30	0	10	0	100	1	200	90	0	0	11	0	144	144	144	-1	1	1	48	48	48	1	1	0	0	8	-1	-1	0	1	2	1	1	2	6912	0	0	26	286331149	1379328	0	2	2	512	512	10	0	1	3	48	1	144	1	3	0	0
173	HEAVYARCHERS	Heavy Archers	173	169	169	786439	0	0	4	5	0	0	0	545	573	-1	171	427	-1	99	-2	-2	-2	0	2	0	132128	160	300	0	30	0	10	0	100	1	100	90	0	0	11	0	144	144	144	-1	1	1	48	48	48	1	1	0	0	8	172	-1	0	1	2	1	1	2	6912	0	0	26	286331149	1379328	0	2	2	512	512	10	0	1	3	48	1	144	1	3	0	0
174	KUSHARCHERS	Kushite Archers	174	169	169	16	0	0	4	5	0	0	0	544	572	-1	170	427	175	175	-2	-2	-2	0	2	0	132128	140	300	2	30	0	10	0	100	1	100	80	0	0	11	0	144	144	144	-1	1	1	48	48	48	1	1	0	0	8	171	-1	0	1	2	1	1	1	16784128	0	0	26	286331149	1379328	0	2	1	512	512	10	0	1	3	48	1	144	1	3	0	0
175	KUSHARCHERSELITE	Royal Kushite Archers	175	169	169	16	0	0	4	5	0	0	0	545	573	-1	174	427	176	176	-2	-2	-2	0	2	0	132128	160	300	1	30	0	10	0	100	1	100	90	0	0	11	0	144	144	144	-1	1	1	48	48	48	1	1	0	0	8	172	-1	0	1	2	1	1	2	16784128	0	0	26	286331149	1379328	0	2	2	512	512	10	0	1	3	48	1	144	1	3	0	0
176	APEDEMAK	Apedemak Archers	176	169	169	16	0	0	4	5	0	0	0	546	574	-1	175	427	-1	99	-2	-2	-2	0	2	0	132128	180	300	1	30	0	10	0	100	1	100	110	0	0	11	0	144	144	144	-1	1	1	48	48	48	1	1	0	0	8	-1	-1	0	2	1	1	1	3	16784128	0	0	26	286331149	1379328	0	2	3	512	512	10	0	1	3	48	1	144	1	3	0	0
177	LONGBOWMEN	Longbowmen	177	169	169	2048	0	0	3	5	0	0	0	544	572	-1	170	427	178	178	-2	-2	-2	0	2	0	132128	150	300	2	30	0	12	0	100	2	100	88	0	0	11	0	144	144	144	-1	1	1	48	48	48	1	1	0	0	8	171	-1	0	1	2	1	1	1	16784128	0	0	26	286331149	1379328	0	2	1	512	512	10	0	1	3	48	1	144	1	3	0	0
178	LONGBOWMENELITE	King's Longbowmen	178	169	169	2048	0	0	3	5	0	0	0	545	573	-1	177	427	179	179	-2	-2	-2	0	2	0	132128	170	300	1	30	0	12	0	100	2	100	99	0	0	11	0	144	144	144	-1	1	1	48	48	48	1	1	0	0	8	172	-1	0	1	2	1	1	2	16784128	0	0	26	286331149	1379328	0	2	2	512	512	10	0	1	3	48	1	144	1	3	0	0
179	KINGSYEOMANRY	King's Yeomanry	179	169	169	2048	0	0	3	5	0	0	0	546	574	-1	178	427	-1	114	-2	-2	-2	0	2	0	132128	190	300	1	30	0	12	0	100	2	100	120	0	0	12	0	144	144	144	-1	1	1	48	48	48	1	1	0	0	8	-1	-1	0	1	2	1	1	3	16784128	0	0	26	286331149	1379328	0	2	3	512	512	10	0	1	3	48	1	144	1	3	0	0
180	HWARANG	Hwarang	180	169	169	65536	0	0	4	5	0	0	0	-1	-1	-1	-1	427	181	181	-2	-2	-2	0	2	0	132128	130	300	0	30	0	10	0	100	2	100	77	1	0	11	0	144	144	144	-1	1	1	48	48	48	1	1	0	0	8	170	-1	0	1	2	1	1	0	16783744	0	0	26	286331149	1379328	0	2	0	512	512	10	0	1	3	48	1	144	1	3	0	0
181	HWARANGELITE	Elite Hwarang	181	169	169	65536	0	0	4	5	0	0	0	544	572	-1	180	427	182	182	-2	-2	-2	0	2	0	132128	150	300	2	30	0	10	0	100	2	100	87	1	0	11	0	144	144	144	-1	1	1	48	48	48	1	1	0	0	8	171	-1	0	1	2	1	1	1	16784128	0	0	26	286331149	1379328	0	2	1	512	512	10	0	1	3	48	1	144	1	3	0	0
182	KORYOHWARANG	Royal Hwarang	182	169	169	65536	0	0	4	5	0	0	0	545	573	-1	181	427	183	183	-2	-2	-2	0	2	0	132128	170	300	1	30	0	10	0	100	2	100	97	1	0	11	0	144	144	144	-1	1	1	48	48	48	1	1	0	0	8	172	-1	0	1	2	1	1	2	16784128	0	0	26	286331149	1379328	0	2	2	512	512	10	0	1	3	48	1	144	1	3	0	0
183	CHOSONHWARANG	Elite Royal Hwarang	183	169	169	65536	0	0	4	5	0	0	0	546	574	-1	182	427	-1	99	-2	-2	-2	0	2	0	132128	190	300	1	30	0	10	0	100	2	100	117	1	0	11	0	144	144	144	-1	1	1	48	48	48	1	1	0	0	8	-1	-1	0	1	2	1	1	3	16784128	0	0	26	286331149	1379328	0	2	3	512	512	10	0	1	3	48	1	144	1	3	0	0
184	IMMORTALBOW	Immortal Bowmen	184	188	188	0	0	5	0	0	0	3	0	-1	-1	-1	-1	427	185	185	-2	-2	-2	0	2	0	132128	110	300	0	30	0	9	0	100	1	100	115	3	0	10	0	144	144	144	-1	1	1	48	48	48	1	1	0	0	8	-1	-1	0	0	4	1	1	0	6528	0	0	26	286331149	1379328	0	2	0	512	512	10	0	1	3	48	1	144	1	3	0	0
185	ATHANATOIBOW	Anusiya Archers	185	188	188	0	0	5	0	0	0	3	0	544	572	-1	184	427	186	186	-2	-2	-2	0	2	0	132128	130	300	0	30	0	9	0	100	1	100	140	3	0	10	0	144	144	144	-1	1	1	48	48	48	1	1	0	0	8	-1	-1	0	0	4	1	1	1	6912	0	0	26	286331149	1379328	0	2	1	512	512	10	0	1	3	48	1	144	1	3	0	0
186	ATHANATOIBOW	Athanatoi Archers	186	188	188	0	0	5	0	0	0	3	0	545	573	-1	185	427	-1	99	-2	-2	-2	0	2	0	132128	140	300	0	30	0	9	0	100	1	100	165	3	0	10	0	144	144	144	-1	1	1	48	48	48	1	1	0	0	8	-1	-1	0	0	4	1	1	2	6912	0	0	26	286331149	1379328	0	2	2	512	512	10	0	1	3	48	1	144	1	3	0	0
187	HORSEARCHER	Horse Archer	187	225	225	16121711	1	0	6	4	0	0	0	544	573	-1	-1	428	188	188	-2	-2	-2	0	2	0	151552	130	300	5	25	0	8	0	100	1	100	65	0	0	9	0	360	360	360	-1	2	2	48	48	48	1	1	0	0	8	-1	-1	0	2	1	1	1	1	2101376	0	0	30	763549738	328716	0	2	2	512	512	10	0	1	3	48	1	144	1	1	0	0
188	HEAVYCAVARCHER	Heavy Horse Archer	188	225	225	16121711	1	0	6	4	0	0	0	545	573	-1	187	428	189	189	-2	-2	-2	0	2	0	151552	150	300	4	25	0	8	0	100	1	100	82	1	0	9	0	360	360	360	-1	2	2	48	48	48	1	1	0	0	8	-1	-1	0	2	1	1	1	2	2101248	0	0	30	763549738	328716	0	2	2	512	512	10	0	1	3	48	1	144	1	1	0	0
189	DRAGOON	Dragoon	189	225	225	16121711	1	0	6	4	0	0	0	546	574	-1	188	428	190	190	-2	-2	-2	0	2	0	20544	170	300	3	30	0	9	0	100	1	350	97	1	0	10	0	360	360	360	-1	2	2	48	48	48	1	1	0	20	8	-1	-1	0	2	1	1	1	3	2101761	0	0	30	763549738	328716	0	2	3	512	512	10	0	1	3	48	1	144	1	1	0	0
190	CARBINEER	Carabineer	190	225	225	16121711	1	0	6	4	0	0	0	547	575	-1	189	428	216	216	-2	-2	-2	0	2	0	20544	190	300	3	30	0	10	0	100	1	350	114	2	0	11	0	360	360	360	-1	2	2	48	48	48	1	1	0	20	8	-1	-1	0	2	1	1	1	4	2101761	0	0	30	763549738	328716	0	2	4	512	512	10	0	1	3	48	1	144	1	1	0	0
191	CAMELARCHER	Camel Archer	191	225	225	16	1	0	6	4	0	0	0	544	573	-1	-1	428	192	192	-2	-2	-2	0	2	0	151552	130	300	4	25	0	8	0	100	1	100	65	0	0	9	0	360	360	360	-1	2	2	48	48	48	1	1	0	0	8	187	-1	0	2	1	1	1	1	18878592	0	0	30	763549738	328716	0	2	2	512	512	10	0	1	3	48	1	144	1	1	0	0
192	HEAVYCAMARCHER	Heavy Camel Archer	192	225	225	16	1	0	6	4	0	0	0	545	573	-1	191	428	193	193	-2	-2	-2	0	2	0	151552	150	300	3	25	0	8	0	100	1	100	82	1	0	9	0	360	360	360	-1	2	2	48	48	48	1	1	0	0	8	188	-1	0	2	1	1	1	2	18878464	0	0	30	763549738	328716	0	2	2	512	512	10	0	1	3	48	1	144	1	1	0	0
193	CAMELRAIDER	Camel Raider	193	225	225	16	1	0	6	4	0	0	0	546	574	-1	192	428	194	194	-2	-2	-2	0	2	0	20544	170	300	3	30	0	9	0	100	1	350	97	1	0	10	0	360	360	360	-1	2	2	48	48	48	1	1	0	20	8	189	-1	0	2	1	1	1	3	18878977	0	0	30	763549738	328716	0	2	3	512	512	10	0	1	3	48	1	144	1	1	0	0
194	CAMELCORPS	Camel Corps	194	225	225	16	1	0	6	4	0	0	0	547	575	-1	193	428	-1	216	-2	-2	-2	0	2	0	20544	190	300	3	30	0	10	0	100	1	350	114	2	0	11	0	360	360	360	-1	2	2	48	48	48	1	1	0	20	8	190	-1	0	2	1	1	1	4	18878977	0	0	30	763549738	328716	0	2	4	512	512	10	0	1	3	48	1	144	1	1	0	0
195	CHARIOT	Chariot	195	225	225	128	1	0	6	4	0	0	0	544	573	-1	-1	428	196	196	-2	-2	-2	0	2	0	151552	130	300	4	25	0	8	0	100	1	100	65	0	0	9	0	360	360	360	-1	3	3	96	96	96	2	2	0	0	12	187	-1	0	2	1	1	1	1	18878592	0	0	30	763549738	328716	0	3	2	512	512	10	0	1	3	144	2	144	1	1	1	0
196	HEAVYCHARIOT	Heavy Chariot	196	225	225	128	1	0	6	4	0	0	0	545	573	-1	195	428	197	197	-2	-2	-2	0	2	0	151552	150	300	3	25	0	8	0	100	1	100	82	0	0	9	0	360	360	360	-1	3	3	96	96	96	2	2	0	0	12	188	-1	0	2	1	1	1	2	18878464	0	0	30	763549738	328716	0	3	2	512	512	10	0	1	3	144	2	144	1	1	1	0
197	MAMELUKE	Mameluke	197	225	225	128	1	0	6	4	0	0	0	546	574	-1	196	428	198	198	-2	-2	-2	0	2	0	20544	170	300	3	30	0	9	0	100	2	350	97	1	0	10	0	360	360	360	-1	2	2	48	48	48	1	1	0	20	8	189	-1	0	2	1	1	1	3	18878977	0	0	30	763549738	328716	0	2	3	512	512	10	0	1	3	48	1	144	1	1	0	0
198	ROYALMAMELUKE	Royal Mameluke	198	225	225	128	1	0	6	4	0	0	0	547	575	-1	197	428	-1	216	-2	-2	-2	0	2	0	20544	190	300	3	30	0	10	0	100	2	350	114	2	0	11	0	360	360	360	-1	2	2	48	48	48	1	1	0	20	8	190	-1	0	2	1	1	1	4	18878977	0	0	30	763549738	328716	0	2	4	512	512	10	0	1	3	48	1	144	1	1	0	0
199	NOMADS	Nomad	199	225	225	131072	1	0	6	4	0	0	0	544	573	-1	-1	428	200	200	-2	-2	-2	0	2	0	151552	130	300	4	25	0	8	0	100	1	100	65	0	0	9	0	360	360	360	-1	2	2	48	48	48	1	1	0	0	8	187	-1	0	2	1	1	1	1	18878592	0	0	30	787410669	328716	0	2	2	512	512	10	0	1	3	48	1	144	1	1	0	0
200	ELITENOMADS	Steppe Nomad	200	225	225	131072	1	0	6	4	0	0	0	545	573	-1	199	428	203	203	-2	-2	-2	0	2	0	151552	150	300	3	25	0	8	0	100	1	100	82	1	0	9	0	360	360	360	-1	2	2	48	48	48	1	1	0	0	8	188	-1	0	2	1	1	1	2	18878464	0	0	30	811271597	328716	0	2	2	512	512	10	0	1	3	48	1	144	1	1	0	0
201	CONQUISTADOR	Conquistador	201	225	225	0	1	0	6	4	0	0	0	546	573	-1	188	-2	202	202	-2	-2	-2	0	2	0	20544	190	300	3	30	0	9	0	100	1	350	97	1	0	10	0	360	360	360	-1	2	2	48	48	48	1	1	0	20	8	189	-1	0	2	1	1	1	3	2101761	0	0	30	763549738	328716	0	2	2	512	512	10	0	1	3	48	1	144	1	1	0	0
202	ECONQUISTADOR	Elite Conquistador	202	225	225	0	1	0	6	4	0	0	0	547	573	-1	201	-2	-1	216	-2	-2	-2	0	2	0	20544	210	300	3	30	0	10	0	100	1	350	114	2	0	11	0	360	360	360	-1	2	2	48	48	48	1	1	0	20	8	190	-1	0	2	1	1	1	4	2101761	0	0	30	763549738	328716	0	2	2	512	512	10	0	1	3	48	1	144	1	1	0	0
203	HORDE	Horde	203	225	225	131072	1	0	6	4	0	0	0	546	574	-1	200	428	204	204	-2	-2	-2	0	2	0	20544	170	300	3	25	0	9	0	100	1	100	97	1	0	10	0	360	360	360	-1	2	2	48	48	48	1	1	0	20	8	189	-1	0	2	1	1	1	3	18878977	0	0	30	835132528	328716	0	2	3	512	512	10	0	1	3	48	1	144	1	1	0	0
204	GOLDENHORDE	Golden Horde	204	225	225	131072	1	0	6	4	0	0	0	547	575	-1	203	428	-1	216	-2	-2	-2	0	2	0	20544	190	300	3	25	0	10	0	100	1	100	114	2	0	11	0	360	360	360	-1	2	2	48	48	48	1	1	0	20	8	190	-1	0	2	1	1	1	4	18878977	0	0	30	858993456	328716	0	2	4	512	512	10	0	1	3	48	1	144	1	1	0	0
205	SUNKAWAKAN	Sunka Wakan	205	225	225	524288	1	0	6	4	0	0	0	544	573	-1	-1	428	206	206	-2	-2	-2	0	2	0	151552	130	300	5	25	0	8	0	100	1	100	65	0	0	9	0	360	360	360	-1	2	2	48	48	48	1	1	0	0	8	187	-1	0	2	1	1	1	1	18878592	0	0	33	763549738	328716	0	2	2	512	512	10	0	1	3	48	1	144	1	1	0	0
206	EAGLEFEATHER	Eagle Feather Horse	206	225	225	524288	1	0	6	4	0	0	0	545	573	-1	205	428	207	207	-2	-2	-2	0	2	0	151552	150	300	4	25	0	8	0	100	1	100	82	1	0	9	0	360	360	360	-1	2	2	48	48	48	1	1	0	0	8	188	-1	0	2	1	1	1	2	18878464	0	0	33	763549738	328716	0	2	2	512	512	10	0	1	3	48	1	144	1	1	0	0
207	MUSKETHORSE	Musket Horse	207	225	225	524288	1	0	6	4	0	0	0	546	574	-1	206	428	208	208	-2	-2	-2	0	2	0	20544	170	300	3	30	0	9	0	100	1	350	97	1	0	10	0	360	360	360	-1	2	2	48	48	48	1	1	0	20	8	189	-1	0	2	1	1	1	3	18878977	0	0	33	763549738	328716	0	2	3	512	512	10	0	1	3	48	1	144	1	1	0	0
208	RIFLEHORSE	Repeating Rifle Horse	208	225	225	524288	1	0	6	4	0	0	0	547	575	-1	207	428	-1	216	-2	-2	-2	0	2	0	20544	190	300	3	30	0	10	0	100	1	350	114	2	0	11	0	360	360	360	-1	2	2	48	48	48	1	1	0	20	8	190	-1	0	2	1	1	1	4	18878977	0	0	33	763549738	328716	0	2	4	512	512	10	0	1	3	48	1	144	1	1	0	0
209	LIGHTHORSE	Light Horse	209	175	175	16777087	1	6	4	0	0	0	0	544	572	-1	-1	428	210	210	-2	-2	-2	0	0	0	541069312	120	0	0	25	0	0	0	100	0	0	73	2	0	6	0	360	360	360	-1	2	2	48	48	48	1	1	0	0	8	-1	-1	0	1	0	1	1	1	4225	0	0	41	978298104	327693	0	1	1	512	512	10	0	1	3	48	1	144	1	1	0	0
210	LIGHTCAVALRY	Light Cavalry	210	175	175	16768895	1	6	4	0	0	0	0	545	573	-1	209	428	211	211	-2	-2	-2	0	0	0	541069312	130	0	0	25	0	0	0	100	0	0	91	2	0	7	0	360	360	360	-1	2	2	48	48	48	1	1	0	0	8	-1	-1	0	1	0	1	1	2	4097	0	0	41	978298104	327693	0	1	2	512	512	10	0	1	3	48	1	144	1	1	0	0
211	LTCAVALRYELITE	Elite Light Cavalry	211	175	175	16768895	1	6	4	0	0	0	0	546	574	-1	210	428	212	212	-2	-2	-2	0	0	0	541069312	140	0	0	25	0	0	0	100	0	0	109	3	0	8	0	360	360	360	-1	2	2	48	48	48	1	1	0	0	8	-1	-1	0	1	0	1	1	3	4609	0	0	41	978298104	327693	0	1	3	512	512	10	0	1	3	48	1	144	1	1	0	0
212	HUSSAR	Hussar	212	175	175	16769023	1	6	4	0	0	0	0	547	575	-1	211	428	-1	216	-2	-2	-2	0	0	0	541069312	160	0	0	25	0	0	0	100	0	0	131	3	0	9	0	360	360	360	-1	2	2	48	48	48	1	1	0	0	8	-1	-1	0	1	0	1	1	4	4609	0	0	41	978298104	327693	0	1	4	512	512	10	0	1	3	48	1	144	1	1	0	0
213	LIGHTCAMEL	Light Camel	213	175	175	128	1	6	4	0	0	0	0	544	572	-1	-1	428	214	214	-2	-2	-2	0	0	0	541069312	120	0	0	25	0	0	0	100	0	0	73	2	0	6	0	360	360	360	-1	2	2	48	48	48	1	1	0	0	8	209	-1	0	1	0	1	1	1	16781441	0	0	41	978298104	327693	0	1	1	512	512	10	0	1	3	48	1	144	1	1	0	0
214	CAMELRIDER	Camel Warrior	214	175	175	128	1	6	4	0	0	0	0	545	573	-1	213	428	215	215	-2	-2	-2	0	0	0	541069312	130	0	0	25	0	0	0	100	0	0	91	2	0	7	0	360	360	360	-1	2	2	48	48	48	1	1	0	0	8	210	-1	0	1	0	1	1	2	16781313	0	0	41	978298104	327693	0	1	2	512	512	10	0	1	3	48	1	144	1	1	0	0
215	ELITECAMEL	Elite Camel Warrior	215	175	175	128	1	6	4	0	0	0	0	546	574	-1	214	428	212	212	-2	-2	-2	0	0	0	541069312	140	0	0	25	0	0	0	100	0	0	109	3	0	8	0	360	360	360	-1	2	2	48	48	48	1	1	0	0	8	211	-1	0	1	0	1	1	3	16781825	0	0	41	978298104	327693	0	1	3	512	512	10	0	1	3	48	1	144	1	1	0	0
216	ARMOREDSCOUTCAR	Armored Car	216	188	188	15728639	2	9	0	0	0	0	4	548	576	-1	190	428	218	218	-2	-2	-2	0	0	0	2637889	200	300	5	30	0	11	0	100	5	350	150	4	0	12	0	360	360	360	-1	4	4	96	96	96	2	2	0	33	12	-1	-1	0	0	5	1	1	5	2097664	0	0	42	274400685	328704	0	4	5	512	512	10	0	1	3	96	1	144	1	1	0	0
217	GREYHOUND	Armored Car	217	188	188	1048576	2	9	0	0	0	0	4	548	576	-1	190	428	-1	218	-2	-2	-2	0	0	0	2637889	200	300	5	30	0	11	0	100	5	350	150	4	0	12	0	360	360	360	-1	4	4	96	96	96	2	2	0	33	12	216	-1	0	0	5	1	1	5	2097664	0	0	42	274400685	328704	0	4	5	512	512	10	0	1	3	96	1	144	1	1	0	0
218	ARMOREDCAR	Armored Scout Car	218	188	188	16772543	2	9	0	0	0	0	4	549	577	-1	216	428	220	220	-2	-2	-2	0	0	0	2637889	210	300	4	30	0	12	0	100	1	350	168	4	0	13	0	360	360	360	-1	4	4	96	96	96	2	2	0	33	12	-1	-1	0	0	5	1	1	6	2097664	0	0	45	274400685	328704	0	4	6	512	512	10	0	1	3	96	1	144	1	1	0	0
219	ARMOREDCAR2	Armored Scout Car	219	188	188	4672	2	9	0	0	0	0	4	549	577	-1	216	428	-1	220	-2	-2	-2	0	0	0	2637889	210	300	4	30	0	12	0	100	1	350	168	4	0	13	0	360	360	360	-1	4	4	96	96	96	2	2	0	33	12	218	-1	0	0	5	1	1	6	2097664	0	0	45	274400685	328704	0	4	6	512	512	10	0	1	3	96	1	144	1	1	0	0
220	ARMOREDCAVALRY	Armored Cavalry	220	188	188	16621415	2	9	0	0	0	0	4	550	578	-1	218	428	-1	-2	-2	-2	-2	0	0	0	2637889	220	300	4	30	0	13	0	100	2	350	186	4	0	14	0	360	360	360	-1	4	4	96	96	96	2	2	0	33	12	-1	-1	0	0	5	1	1	7	2097664	0	0	47	274400685	328704	0	4	7	512	512	10	0	1	3	96	1	144	1	1	0	0
221	ARMOREDCAVALRYCTWE	Armored Cavalry	221	188	188	0	2	9	0	0	0	0	4	550	578	-1	218	428	-1	-2	-2	-2	-2	0	0	0	2637889	220	300	4	30	0	13	0	100	2	350	186	4	0	14	0	360	360	360	-1	4	4	96	96	96	2	2	0	33	12	220	-1	0	0	5	1	1	7	2097664	0	0	47	274400685	328704	0	4	7	512	512	10	0	1	3	96	1	144	1	1	0	0
222	ARMOREDCAVALRYCTWW	Armored Cavalry	222	188	188	0	2	9	0	0	0	0	4	550	578	-1	218	428	-1	-2	-2	-2	-2	0	0	0	2637889	220	300	4	30	0	13	0	100	2	350	186	4	0	14	0	360	360	360	-1	4	4	96	96	96	2	2	0	33	12	220	-1	0	0	5	1	1	7	2097664	0	0	47	274400685	328704	0	4	7	512	512	10	0	1	3	96	1	144	1	1	0	0
223	BMP	Armored Cavalry	223	188	188	155800	2	9	0	0	0	0	4	550	578	-1	218	428	-1	-2	-2	-2	-2	0	0	0	2637889	220	300	4	30	0	13	0	100	2	350	186	4	0	14	0	360	360	360	-1	4	4	96	96	96	2	2	0	33	12	220	-1	0	0	5	1	1	7	2097664	0	0	47	274400685	328704	0	4	7	512	512	10	0	1	3	96	1	144	1	1	0	0
224	RUSINYLANCER	Rusiny Lancer	224	155	155	8192	1	6	3	0	0	0	0	545	573	-1	209	428	225	225	-2	-2	-2	0	0	0	541069312	130	0	0	22	0	0	0	100	0	0	91	2	0	7	0	360	360	360	-1	2	2	48	48	48	1	1	0	0	8	210	-1	0	1	0	1	1	2	16781313	0	0	41	978298104	327693	0	1	2	512	512	10	0	1	3	48	1	144	1	1	0	0
225	COSSACK	Cossack	225	155	155	8192	1	6	3	0	0	0	0	546	574	-1	224	428	226	226	-2	-2	-2	0	0	0	541069312	140	0	0	22	0	0	0	100	0	0	109	3	0	8	0	360	360	360	-1	2	2	48	48	48	1	1	0	0	8	211	-1	0	1	0	1	1	3	16781825	0	0	41	978298104	327693	0	1	3	512	512	10	0	1	3	48	1	144	1	1	0	0
226	DONCOSSACK	Don Cossack	226	155	155	8192	1	6	3	0	0	0	0	547	575	-1	225	428	-1	216	-2	-2	-2	0	0	0	541069312	160	0	0	22	0	0	0	100	0	0	131	3	0	9	0	360	360	360	-1	2	2	48	48	48	1	1	0	0	8	212	-1	0	1	0	1	1	4	16781825	0	0	41	978298104	327693	0	1	4	512	512	10	0	1	3	48	1	144	1	1	0	0
227	CATAPHRACT	Cataphract	227	245	245	16776159	1	0	0	5	0	6	0	544	573	-1	-1	428	228	228	-2	-2	-2	0	1	0	20975616	150	0	0	35	0	0	0	100	0	0	85	4	0	6	0	360	360	360	-1	2	2	48	48	48	1	1	0	0	8	-1	-1	0	2	4	1	1	1	4224	0	0	30	715827882	327693	0	3	2	512	512	10	0	1	3	48	1	144	1	1	0	0
228	KNIGHTS	Knight	228	245	245	16776159	1	0	0	5	0	6	0	545	573	-1	227	428	229	229	-2	-2	-2	0	1	0	20975616	160	0	0	30	0	0	0	100	0	0	110	4	0	7	0	360	360	360	-1	2	2	48	48	48	1	1	0	0	8	-1	-1	0	2	4	1	1	2	4608	0	0	31	739688810	327693	0	3	2	512	512	10	0	1	3	48	1	144	1	1	0	0
229	KNIGHTSELITE	Heavy Knight	229	245	245	16776159	1	0	0	6	0	7	0	546	574	-1	228	428	230	230	-2	-2	-2	0	1	0	20975616	170	0	0	30	0	0	0	100	0	0	135	5	0	8	0	360	360	360	-1	2	2	48	48	48	1	1	0	0	8	-1	-1	0	2	4	1	1	3	4608	0	0	32	763549738	327693	0	3	3	512	512	10	0	1	3	48	1	144	1	1	0	0
230	CUIRASSIER	Cuirassier	230	245	245	16776159	1	0	0	6	0	7	0	547	575	-1	229	428	239	239	-2	-2	-2	0	1	0	20975616	180	0	0	30	0	0	0	100	0	0	160	5	0	9	0	360	360	360	-1	2	2	48	48	48	1	1	0	0	8	-1	-1	0	2	4	1	1	4	4608	0	0	33	787410669	327693	0	3	4	512	512	10	0	1	3	48	1	144	1	1	0	0
231	COMPANION	Companion	231	245	245	32	1	0	0	5	0	6	0	544	573	-1	-1	428	232	232	-2	-2	-2	0	1	0	20975616	150	0	0	35	0	0	0	100	0	0	85	4	0	6	0	360	360	360	-1	2	2	48	48	48	1	1	0	0	8	227	-1	0	2	4	1	1	1	16781440	0	0	36	811271597	327693	0	3	2	512	512	10	0	1	3	48	1	144	1	1	0	0
232	COMPANIONELITE	Royal Companion	232	245	245	32	1	0	0	5	0	6	0	545	573	-1	231	428	233	233	-2	-2	-2	0	1	0	20975616	160	0	0	30	0	0	0	100	0	0	110	4	0	7	0	360	360	360	-1	2	2	48	48	48	1	1	0	0	8	228	-1	0	2	4	1	1	2	16781824	0	0	36	763549738	327693	0	3	2	512	512	10	0	1	3	48	1	144	1	1	0	0
233	STRATIOTAI	Stratiotai	233	245	245	32	1	0	0	6	0	7	0	546	574	-1	232	428	234	234	-2	-2	-2	0	1	0	20975616	170	0	0	30	0	0	0	100	0	0	135	5	0	8	0	360	360	360	-1	2	2	48	48	48	1	1	0	0	8	229	-1	0	2	4	1	1	3	16781824	0	0	36	787410669	327693	0	3	3	512	512	10	0	1	3	48	1	144	1	1	0	0
234	STRATIOTAIHEAVY	Royal Stratiotai	234	245	245	32	1	0	0	6	0	7	0	547	575	-1	233	428	-1	239	-2	-2	-2	0	1	0	20975616	180	0	0	30	0	0	0	100	0	0	160	5	0	9	0	360	360	360	-1	2	2	48	48	48	1	1	0	0	8	230	-1	0	2	4	1	1	4	16781824	0	0	36	882854384	327693	0	3	4	512	512	10	0	1	3	48	1	144	1	1	0	0
235	CHEVALIER	Chevalier	235	245	245	1024	1	0	0	5	0	6	0	544	573	-1	-1	428	236	236	-2	-2	-2	0	1	0	20975616	160	0	0	33	0	0	0	100	0	0	86	4	0	6	0	360	360	360	-1	2	2	48	48	48	1	1	0	0	8	227	-1	0	2	4	1	1	1	16781440	0	0	31	739688810	327693	0	3	2	512	512	10	0	1	3	48	1	144	1	1	0	0
236	CHEVALIERHEAVY	Heavy Chevalier	236	245	245	1024	1	0	0	5	0	6	0	545	573	-1	235	428	237	237	-2	-2	-2	0	1	0	20975616	170	0	0	30	0	0	0	100	0	0	111	4	0	7	0	360	360	360	-1	2	2	48	48	48	1	1	0	0	8	228	-1	0	2	4	1	1	2	16781824	0	0	32	763549738	327693	0	3	2	512	512	10	0	1	3	48	1	144	1	1	0	0
237	HORSEGRENADIER	Horse Grenadier	237	245	245	1024	1	0	0	6	0	7	0	546	574	-1	236	428	238	238	-2	-2	-2	0	1	0	20975616	180	0	0	30	0	0	0	100	0	0	136	5	0	8	0	360	360	360	-1	2	2	48	48	48	1	1	0	0	8	229	-1	0	2	4	1	1	3	16781824	0	0	33	787410669	327693	0	3	3	512	512	10	0	1	3	48	1	144	1	1	0	0
238	HORSEGUARDGREN	Horse Guard Grenadier	238	245	245	1024	1	0	0	6	0	7	0	547	575	-1	237	428	-1	239	-2	-2	-2	0	1	0	20975616	190	0	0	27	0	0	0	100	0	0	161	5	0	9	0	360	360	360	-1	2	2	48	48	48	1	1	0	0	8	230	-1	0	2	4	1	1	4	16781824	0	0	34	811271597	327693	0	3	4	512	512	10	0	1	3	48	1	144	1	1	0	0
239	LIGHTTANK	Light Tank	239	245	245	16762471	2	0	0	0	0	8	6	548	576	-1	230	428	244	244	-2	-2	-2	0	1	0	3670017	190	300	5	40	0	12	0	100	1	350	187	6	0	13	0	420	420	420	-1	4	4	96	96	96	2	2	0	0	12	-1	-1	0	5	4	1	1	5	8913408	0	0	36	190887434	328704	0	5	5	512	512	10	0	1	3	96	1	144	1	1	0	0
240	MARK4	Light Tank	240	245	245	10240	2	0	0	0	0	8	6	548	576	-1	230	428	-1	244	-2	-2	-2	0	1	0	3670017	190	300	5	40	0	12	0	100	1	350	187	6	0	13	0	420	420	420	-1	4	4	96	96	96	2	2	0	0	12	239	-1	0	5	4	1	1	5	8913408	0	0	36	190887434	328704	0	5	5	512	512	10	0	1	3	96	1	144	1	1	0	0
241	MARK4DES	Light Tank	241	245	245	24	2	0	0	0	0	8	6	548	576	-1	230	428	-1	244	-2	-2	-2	0	1	0	3670017	190	300	5	40	0	12	0	100	1	350	187	6	0	13	0	420	420	420	-1	4	4	96	96	96	2	2	0	0	12	239	-1	0	5	4	1	1	5	8913408	0	0	36	190887434	328704	0	5	5	512	512	10	0	1	3	96	1	144	1	1	0	0
242	A7V	Light Tank	242	245	245	4096	2	0	0	0	0	8	6	548	576	-1	230	428	-1	244	-2	-2	-2	0	1	0	3670017	190	300	5	40	0	12	0	100	1	350	187	6	0	13	0	420	420	420	-1	4	4	96	96	96	2	2	0	0	12	239	-1	0	5	4	1	1	5	8913408	0	0	36	190887434	328704	0	5	5	512	512	10	0	1	3	96	1	144	1	1	0	0
243	A7VDES	Light Tank	243	245	245	384	2	0	0	0	0	8	6	548	576	-1	230	428	-1	244	-2	-2	-2	0	1	0	3670017	190	300	5	40	0	12	0	100	1	350	187	6	0	13	0	420	420	420	-1	4	4	96	96	96	2	2	0	0	12	239	-1	0	5	4	1	1	5	8913408	0	0	36	190887434	328704	0	5	5	512	512	10	0	1	3	96	1	144	1	1	0	0
244	MEDIUMTANK	Tank	244	245	245	15469600	2	0	0	0	0	8	6	549	577	-1	239	428	251	251	-2	-2	-2	0	1	0	3670017	200	300	4	40	0	13	0	100	1	350	210	6	0	14	0	480	480	480	-1	4	4	96	96	96	2	2	0	0	12	-1	-1	0	5	4	1	1	6	8913408	0	0	38	190887434	328704	0	5	6	512	512	10	0	1	3	96	1	144	1	1	0	0
245	CHURCHILLDES	Tank	245	245	245	128	2	0	0	0	0	8	6	549	577	-1	239	428	-1	251	-2	-2	-2	0	1	0	3670017	200	300	4	40	0	13	0	100	1	350	210	6	0	14	0	480	480	480	-1	4	4	96	96	96	2	2	0	0	12	244	-1	0	5	4	1	1	6	8913408	0	0	38	190887434	328704	0	5	6	512	512	10	0	1	3	96	1	144	1	1	0	0
246	SHERMAN	Tank	246	245	245	1114375	2	0	0	0	0	8	6	549	577	-1	239	428	-1	251	-2	-2	-2	0	1	0	3670017	200	300	4	40	0	13	0	100	1	350	210	6	0	14	0	480	480	480	-1	4	4	96	96	96	2	2	0	0	12	244	-1	0	5	4	1	1	6	8913408	0	0	38	190887434	328704	0	5	6	512	512	10	0	1	3	96	1	144	1	1	0	0
247	SHERMANDES	Tank	247	245	245	24	2	0	0	0	0	8	6	549	577	-1	239	428	-1	251	-2	-2	-2	0	1	0	3670017	200	300	4	40	0	13	0	100	1	350	210	6	0	14	0	480	480	480	-1	4	4	96	96	96	2	2	0	0	12	244	-1	0	5	4	1	1	6	8913408	0	0	38	190887434	328704	0	5	6	512	512	10	0	1	3	96	1	144	1	1	0	0
248	T34	Tank	248	245	245	155648	2	0	0	0	0	8	6	549	577	-1	239	428	-1	251	-2	-2	-2	0	1	0	3670017	200	300	4	40	0	13	0	100	1	350	210	6	0	14	0	480	480	480	-1	4	4	96	96	96	2	2	0	0	12	244	-1	0	5	4	1	1	6	8913408	0	0	38	190887434	328704	0	5	6	512	512	10	0	1	3	96	1	144	1	1	0	0
249	CHIHA	Tank	249	245	245	32768	2	0	0	0	0	8	6	549	577	-1	239	428	-1	251	-2	-2	-2	0	1	0	3670017	200	300	4	40	0	13	0	100	1	350	210	6	0	14	0	480	480	480	-1	4	4	96	96	96	2	2	0	0	12	244	-1	0	5	4	1	1	6	8913408	0	0	38	190887434	328704	0	5	6	512	512	10	0	1	3	96	1	144	1	1	0	0
250	PANZER	Tank	250	245	245	576	2	0	0	0	0	8	6	549	577	-1	239	428	-1	251	-2	-2	-2	0	1	0	3670017	200	300	4	40	0	13	0	100	1	350	210	6	0	14	0	480	480	480	-1	4	4	96	96	96	2	2	0	0	12	244	-1	0	5	4	1	1	6	8913408	0	0	38	190887434	328704	0	5	6	512	512	10	0	1	3	96	1	144	1	1	0	0
251	HEAVYTANK	Main Battle Tank	251	245	245	15468640	2	0	0	0	0	8	6	550	578	-1	244	428	-1	-2	-2	-2	-2	0	1	0	3670017	220	300	3	40	0	14	0	100	1	350	245	7	0	15	0	540	540	540	-1	4	4	96	96	96	2	2	0	0	12	-1	-1	0	5	4	1	1	7	8913408	0	0	40	190887434	328704	0	5	7	512	512	10	0	1	3	96	1	144	1	1	0	0
252	HEAVYTANKCTWE	Main Battle Tank	252	245	245	152	2	0	0	0	0	8	6	550	578	-1	244	428	-1	-2	-2	-2	-2	0	1	0	3670017	220	300	3	40	0	14	0	100	1	350	245	7	0	15	0	540	540	540	-1	4	4	96	96	96	2	2	0	0	12	251	-1	0	5	4	1	1	7	8913408	0	0	40	190887434	328704	0	5	7	512	512	10	0	1	3	96	1	144	1	1	0	0
253	HEAVYTANKCTWW	Main Battle Tank	253	245	245	152	2	0	0	0	0	8	6	550	578	-1	244	428	-1	-2	-2	-2	-2	0	1	0	3670017	220	300	3	40	0	14	0	100	1	350	245	7	0	15	0	540	540	540	-1	4	4	96	96	96	2	2	0	0	12	251	-1	0	5	4	1	1	7	8913408	0	0	40	190887434	328704	0	5	7	512	512	10	0	1	3	96	1	144	1	1	0	0
254	ABRAM	Main Battle Tank	254	245	245	1148679	2	0	0	0	0	8	6	550	578	-1	244	428	-1	-2	-2	-2	-2	0	1	0	3670017	220	300	3	40	0	14	0	100	1	350	245	7	0	15	0	540	540	540	-1	4	4	96	96	96	2	2	0	0	12	251	-1	0	5	4	1	1	7	8913408	0	0	40	190887434	328704	0	5	7	512	512	10	0	1	3	96	1	144	1	1	0	0
255	ABRAMDES	Main Battle Tank	255	245	245	0	2	0	0	0	0	8	6	550	578	-1	244	428	-1	-2	-2	-2	-2	0	1	0	3670017	220	300	3	40	0	14	0	100	1	350	245	7	0	15	0	540	540	540	-1	4	4	96	96	96	2	2	0	0	12	251	-1	0	5	4	1	1	7	8913408	0	0	40	190887434	328704	0	5	7	512	512	10	0	1	3	96	1	144	1	1	0	0
256	T80	Main Battle Tank	256	245	245	147456	2	0	0	0	0	8	6	550	578	-1	244	428	-1	-2	-2	-2	-2	0	1	0	3670017	220	300	3	40	0	14	0	100	1	350	245	7	0	15	0	540	540	540	-1	4	4	96	96	96	2	2	0	0	12	251	-1	0	5	4	1	1	7	8913408	0	0	40	190887434	328704	0	5	7	512	512	10	0	1	3	96	1	144	1	1	0	0
257	T80DES	Main Battle Tank	257	245	245	152	2	0	0	0	0	8	6	550	578	-1	244	428	-1	-2	-2	-2	-2	0	1	0	3670017	220	300	3	40	0	14	0	100	1	350	245	7	0	15	0	540	540	540	-1	4	4	96	96	96	2	2	0	0	12	251	-1	0	5	4	1	1	7	8913408	0	0	40	190887434	328704	0	5	7	512	512	10	0	1	3	96	1	144	1	1	0	0
258	TIGERTANK	Tiger Tank	258	245	245	4096	2	0	0	0	0	8	6	549	577	-1	239	428	259	259	-2	-2	-2	0	1	0	3670017	210	300	4	40	0	13	0	100	1	350	220	6	0	14	0	480	480	480	-1	4	4	96	96	96	2	2	0	0	12	244	-1	0	5	4	1	1	6	25690624	0	0	39	190887434	328704	0	5	6	512	512	10	0	1	3	96	1	144	1	1	0	0
259	LEOPARDTANK	Leopard Tank	259	245	245	4096	2	0	0	0	0	8	6	550	578	-1	258	428	-1	-2	-2	-2	-2	0	1	0	3670017	230	300	3	40	0	14	0	100	1	350	255	7	0	15	0	540	540	540	-1	4	4	96	96	96	2	2	0	0	12	251	-1	0	5	4	1	1	7	25690624	0	0	42	190887434	328704	0	5	7	512	512	10	0	1	3	96	1	144	1	1	0	0
260	RUSSHEAVYTANK	T80 Tank	260	245	245	8192	2	0	0	0	0	7	5	550	578	-1	244	428	-1	-2	-2	-2	-2	0	1	0	3670017	220	300	3	40	0	14	0	100	1	350	245	7	0	15	0	540	540	540	-1	4	4	96	96	96	2	2	0	0	12	251	-1	0	5	4	1	1	7	25690624	0	0	40	190887434	328704	0	5	7	512	512	10	0	1	3	96	1	144	1	1	0	0
261	HVYELEPHANT	War Elephant	261	245	245	10485760	1	12	0	7	0	0	0	544	572	-1	-1	428	262	262	-2	-2	-2	0	3	0	4198416	200	0	0	40	0	0	0	100	0	0	175	8	0	10	0	540	540	540	-1	4	4	96	96	96	2	2	0	0	12	-1	-1	0	2	0	3	3	1	16781952	0	0	25	190887434	327693	0	4	1	512	512	10	0	1	2	96	1	144	1	1	2	0
262	MAHOUT	Mahout	262	245	245	10485760	1	12	0	7	0	0	0	545	573	-1	261	428	263	263	-2	-2	-2	0	3	0	151552	210	300	3	40	0	0	0	100	1	100	180	8	0	10	0	540	540	540	-1	4	4	96	96	96	2	2	0	0	12	-1	-1	0	2	0	3	3	2	18880000	0	0	25	190887434	327693	0	4	2	512	512	10	0	1	2	96	1	144	1	1	2	0
263	GUNMAHOUT	Gun Mahout	263	245	245	10485760	1	12	0	7	0	0	0	546	574	-1	262	428	264	264	-2	-2	-2	0	3	0	20544	220	300	3	40	0	0	0	100	1	300	185	8	0	10	0	540	540	540	-1	4	4	96	96	96	2	2	0	0	12	-1	-1	0	2	0	3	3	3	18880000	0	0	25	190887434	327693	0	4	3	512	512	10	0	1	2	96	1	144	1	1	2	0
264	CULMAHOUT	Culverin Mahout	264	245	245	10485760	1	12	0	7	0	0	0	547	575	-1	263	428	-1	239	-2	-2	-2	0	3	0	8409152	230	100	5	40	0	0	0	10	1	300	190	8	0	10	0	540	540	540	-1	4	4	96	96	96	2	2	0	0	12	-1	-1	0	2	0	3	3	4	18880000	0	0	25	190887434	327693	0	4	4	512	512	10	0	1	2	96	1	144	1	1	1	0
265	CATAPULT	Catapult	265	250	250	16711679	3	0	7	0	0	7	0	544	572	-1	-1	430	266	266	-2	-2	-2	0	0	0	2885632	170	80	14	55	3	15	0	100	1	85	80	0	0	10	0	360	360	360	-1	4	4	96	96	96	2	2	0	0	12	-1	-1	0	4	1	20	20	1	131200	6	0	19	59652323	328704	0	4	1	512	512	10	0	2	0	144	2	144	1	1	2	0
266	TREBUCHET	Trebuchet	266	250	250	16711679	3	0	7	0	0	7	0	545	573	-1	265	430	267	267	-2	-2	-2	0	0	0	2885632	230	85	12	65	3	16	0	100	1	80	100	0	0	12	0	540	540	540	-1	4	4	144	144	144	3	3	0	0	12	-1	-1	0	4	1	20	20	2	131072	6	0	21	59652323	328704	0	4	2	384	512	10	0	2	0	288	2	144	1	1	3	0
267	BOMBARD	Bombard	267	250	250	16776959	3	0	8	0	0	8	0	546	574	-1	266	430	268	268	-2	-2	-2	0	0	0	11274240	260	90	11	60	1	17	1	5	1	200	120	0	0	14	0	540	540	540	-1	4	4	96	96	96	2	2	0	0	12	-1	-1	0	4	1	20	20	3	131584	6	0	23	59652323	328704	0	4	3	512	512	10	0	2	0	288	2	144	1	1	3	0
268	CANNON	Cannon	268	250	250	16776955	3	0	8	0	0	8	0	547	575	-1	267	430	269	269	-2	-2	-2	0	0	0	11274240	320	95	10	60	1	18	1	10	1	300	143	0	0	16	0	540	540	540	-1	4	4	96	96	96	2	2	0	0	12	-1	-1	0	4	1	20	20	4	131584	6	0	25	59652323	328704	0	4	4	512	512	10	0	2	0	288	2	144	1	1	3	0
269	ARTILLERY	Artillery	269	250	250	16773115	3	0	10	0	0	10	0	548	576	-1	268	430	271	271	-2	-2	-2	0	0	0	11274240	360	100	9	55	1	20	1	15	1	300	172	0	0	16	0	540	540	540	-1	4	4	144	144	144	3	3	0	0	12	-1	-1	0	4	1	20	20	5	131584	6	0	28	59652323	328704	0	4	5	512	512	10	0	2	0	288	2	144	1	1	3	0
270	ARTILLERYGERMAN	Artillery	270	250	250	4096	3	0	10	0	0	10	0	548	576	-1	268	430	-1	271	-2	-2	-2	0	0	0	11274240	360	100	9	55	1	20	1	15	1	300	172	0	0	16	0	540	540	540	-1	4	4	144	144	144	3	3	0	0	12	269	-1	0	4	1	20	20	5	131584	6	0	28	59652323	328704	0	4	5	512	512	10	0	2	0	288	2	144	1	1	3	0
271	HOWITZER	Howitzer	271	250	250	16764351	3	0	0	0	0	10	10	549	577	-1	269	430	273	273	-2	-2	-2	0	0	0	11274240	420	110	6	55	1	21	1	25	1	150	200	0	0	16	0	540	540	540	-1	4	4	144	144	144	3	3	0	0	12	-1	-1	0	5	4	20	20	6	131584	6	0	32	190887434	328704	0	4	6	512	512	10	0	2	0	288	2	144	1	1	0	0
272	HUMMEL	Howitzer	272	250	250	4672	3	0	0	0	0	10	10	549	577	-1	269	430	-1	273	-2	-2	-2	0	0	0	11274240	420	110	6	55	1	21	1	25	1	150	200	0	0	16	0	540	540	540	-1	4	4	144	144	144	3	3	0	0	12	271	-1	0	5	4	20	20	6	131584	6	0	32	190887434	328704	0	4	6	512	512	10	0	2	0	288	2	144	1	1	0	0
273	MLRS	Rocket Artillery	273	250	250	16777215	3	0	0	0	0	10	10	550	578	-1	271	430	-1	-2	-2	-2	-2	0	0	0	11274240	480	150	6	55	1	25	2	33	8	170	230	0	0	16	0	540	540	540	-1	4	4	144	144	144	3	3	0	0	12	-1	-1	0	5	4	20	20	7	131584	6	0	35	190887434	328704	0	4	7	512	512	10	0	2	0	288	2	144	1	1	0	0
274	MORTAR	Mortar	274	250	250	4	3	0	8	0	0	8	0	547	575	-1	267	430	275	275	-2	-2	-2	0	0	0	11272192	320	200	10	60	2	18	1	15	1	100	143	0	0	16	0	540	540	540	-1	3	3	96	96	96	2	2	0	0	12	268	-1	0	4	1	20	20	4	16908800	6	0	25	59652323	328704	0	3	4	512	512	10	0	2	0	96	1	144	1	1	2	0
275	SIEGEMORTAR	Siege Mortar	275	250	250	4	3	0	10	0	0	10	0	548	576	-1	274	430	271	271	-2	-2	-2	0	0	0	11272192	360	225	9	55	2	20	1	20	1	100	172	0	0	16	0	540	540	540	-1	3	3	96	96	96	2	2	0	0	12	269	-1	0	4	1	20	20	5	16908800	6	0	28	59652323	328704	0	3	5	512	512	10	0	2	0	96	1	144	1	1	2	0
276	BASILICABOMBARD	Basilica Bombard	276	250	250	256	3	0	8	0	0	8	0	546	574	-1	266	430	277	277	-2	-2	-2	0	0	0	11274240	260	180	11	57	1	17	1	5	1	200	120	0	0	14	0	540	540	540	-1	3	3	96	96	96	2	2	0	0	12	267	-1	0	4	1	20	20	3	16908800	6	0	23	59652323	328704	0	4	3	512	512	10	0	2	0	288	2	144	1	1	3	0
277	BASILICACANNON	Basilica Cannon	277	250	250	256	3	0	8	0	0	8	0	547	575	-1	276	430	269	269	-2	-2	-2	0	0	0	11272192	320	200	10	60	1	18	1	15	1	300	143	0	0	16	0	540	540	540	-1	3	3	96	96	96	2	2	0	0	12	268	-1	0	4	1	20	20	4	16908800	6	0	25	59652323	328704	0	3	4	512	512	10	0	2	0	288	2	144	1	1	3	0
278	KATYUSHA	Katyusha Rocket	278	250	250	8192	3	0	0	0	0	10	10	549	577	-1	269	430	273	273	-2	-2	-2	0	0	0	11274240	420	110	6	55	1	21	2	75	4	100	200	0	0	16	0	540	540	540	-1	4	4	144	144	144	3	3	0	0	12	271	-1	0	5	4	20	20	6	16908800	6	0	32	190887434	328704	0	4	6	512	512	10	0	2	0	288	2	144	1	1	0	0
279	FLAMINGARROW	Flaming Arrow	279	250	250	65536	3	0	7	0	0	7	0	544	572	-1	-1	430	280	280	-2	-2	-2	0	0	0	2885632	170	80	11	60	2	15	0	100	1	200	80	0	0	10	0	360	360	360	-1	4	4	96	96	96	2	2	0	0	12	265	-1	0	4	1	20	20	1	16908416	6	0	19	59652323	328704	0	4	1	512	512	10	0	2	0	288	2	144	1	1	2	0
280	HVYFLAMINGARROW	Heavy Flaming Arrow	280	250	250	65536	3	0	7	0	0	7	0	545	573	-1	279	430	267	267	-2	-2	-2	0	0	0	2885632	230	85	11	60	2	16	0	100	1	250	100	0	0	12	0	540	540	540	-1	4	4	144	144	144	3	3	0	0	12	266	-1	0	4	1	20	20	2	16908288	6	0	21	59652323	328704	0	4	2	384	512	10	0	2	0	288	2	144	1	1	2	0
281	AAGUN	Anti-Aircraft Gun	281	170	170	16777215	2	8	0	8	0	0	0	548	576	-1	-1	430	282	282	-2	-2	-2	0	1	0	2150105088	360	300	3	25	0	14	0	100	2	400	110	2	0	14	0	480	480	480	-1	4	4	96	96	96	2	2	50	90	12	-1	-1	0	2	0	20	20	5	2103940	0	0	27	190887434	328704	0	2	5	512	512	10	0	1	0	288	2	144	1	1	0	0
282	FLAKGUN	Anti-Aircraft Battery	282	170	170	16772543	2	8	0	8	0	0	0	549	577	-1	281	430	284	284	-2	-2	-2	0	1	0	2150105088	370	300	3	25	0	17	0	100	2	400	150	2	0	17	0	480	480	480	-1	4	4	96	96	96	2	2	50	90	12	-1	-1	0	2	0	20	20	6	2103812	0	0	35	190887434	328704	0	2	6	512	512	10	0	1	0	288	2	144	1	1	0	0
283	FLAKGUNGERMAN	Anti-Aircraft Battery	283	170	170	4672	2	8	0	8	0	0	0	549	577	-1	281	430	-1	284	-2	-2	-2	0	1	0	2150105088	370	300	3	25	0	17	0	100	2	400	150	2	0	17	0	480	480	480	-1	4	4	96	96	96	2	2	50	90	12	282	-1	0	2	0	20	20	6	2103812	0	0	35	190887434	328704	0	2	6	512	512	10	0	1	0	288	2	144	1	1	0	0
284	AVENGER	Anti-Aircraft Missile	284	170	170	16777215	2	8	0	8	0	0	0	550	578	-1	282	430	-1	-2	-2	-2	-2	0	1	0	2150105088	390	300	3	35	0	20	0	100	1	400	155	2	0	20	0	480	480	480	-1	4	4	96	96	96	2	2	65	90	12	-1	-1	0	2	0	20	20	7	2103812	0	0	43	190887434	328704	0	2	7	512	512	10	0	1	0	288	2	144	1	1	0	0
285	AVENGERCTWE	Anti-Aircraft Missile	285	170	170	0	2	8	0	8	0	0	0	550	578	-1	282	430	-1	-2	-2	-2	-2	0	1	0	2150105088	390	300	3	35	0	20	0	100	1	400	155	2	0	20	0	480	480	480	-1	4	4	96	96	96	2	2	65	90	12	284	-1	0	2	0	20	20	7	2103812	0	0	43	190887434	328704	0	2	7	512	512	10	0	1	0	288	2	144	1	1	0	0
286	AVENGERCTWW	Anti-Aircraft Missile	286	170	170	0	2	8	0	8	0	0	0	550	578	-1	282	430	-1	-2	-2	-2	-2	0	1	0	2150105088	390	300	3	35	0	20	0	100	1	400	155	2	0	20	0	480	480	480	-1	4	4	96	96	96	2	2	65	90	12	284	-1	0	2	0	20	20	7	2103812	0	0	43	190887434	328704	0	2	7	512	512	10	0	1	0	288	2	144	1	1	0	0
287	BIPLANE	Biplane	287	170	170	16772543	8	0	0	9	0	0	9	548	576	-1	-1	447	289	289	-2	-2	-2	0	0	0	2416443456	390	300	5	30	2	7	1	100	16	150	118	3	2	16	0	600	600	600	-1	5	5	240	240	240	5	5	0	50	12	-1	-1	0	5	2	2	2	5	4194432	0	0	55	59652323	87040	0	4	5	512	512	10	300	1	0	240	1	384	1	1	0	0
288	ALBATROSS	Biplane	288	170	170	4672	8	0	0	9	0	0	9	548	576	-1	-1	447	-1	289	-2	-2	-2	0	0	0	2416443456	390	300	5	30	2	7	1	100	16	150	118	3	2	16	0	600	600	600	-1	5	5	240	240	240	5	5	0	50	12	287	-1	0	5	2	2	2	5	4194432	0	0	55	59652323	87040	0	4	5	512	512	10	300	1	0	240	1	384	1	1	0	0
289	FIGHTER	Fighter	289	170	170	15469600	8	0	0	9	0	0	9	549	577	-1	287	447	295	295	-2	-2	-2	0	0	0	2416443456	450	300	4	30	2	7	1	100	16	150	138	3	2	16	0	600	600	600	-1	5	5	240	240	240	5	5	0	25	12	-1	-1	0	5	2	2	2	6	4194816	0	0	75	95443715	87040	0	4	6	512	512	10	400	1	0	240	1	384	1	1	0	0
290	P40	Fighter	290	170	170	221191	8	0	0	9	0	0	9	549	577	-1	287	447	-1	295	-2	-2	-2	0	0	0	2416443456	450	300	4	30	2	7	1	100	16	150	138	3	2	16	0	600	600	600	-1	5	5	240	240	240	5	5	0	25	12	289	-1	0	5	2	2	2	6	4194816	0	0	75	95443715	87040	0	4	6	512	512	10	400	1	0	240	1	384	1	1	0	0
291	P40DES	Fighter	291	170	170	400	8	0	0	9	0	0	9	549	577	-1	287	447	-1	295	-2	-2	-2	0	0	0	2416443456	450	300	4	30	2	7	1	100	16	150	138	3	2	16	0	600	600	600	-1	5	5	240	240	240	5	5	0	25	12	289	-1	0	5	2	2	2	6	4194816	0	0	75	95443715	87040	0	4	6	512	512	10	400	1	0	240	1	384	1	1	0	0
292	ME109	Fighter	292	170	170	4672	8	0	0	9	0	0	9	549	577	-1	287	447	-1	295	-2	-2	-2	0	0	0	2416443456	450	300	4	30	2	7	1	100	16	150	138	3	2	16	0	600	600	600	-1	5	5	240	240	240	5	5	0	25	12	289	-1	0	5	2	2	2	6	4194816	0	0	75	95443715	87040	0	4	6	512	512	10	400	1	0	240	1	384	1	1	0	0
293	FIGHTERZERO	Fighter	293	170	170	32768	8	0	0	9	0	0	9	549	577	-1	287	447	-1	295	-2	-2	-2	0	0	0	2416443456	450	300	4	30	2	7	1	100	16	150	138	3	2	16	0	600	600	600	-1	5	5	240	240	240	5	5	0	25	12	289	-1	0	5	2	2	2	6	4194816	0	0	75	95443715	87040	0	4	6	512	512	10	400	1	0	240	1	384	1	1	0	0
294	MUSTANG	Fighter	294	170	170	1048576	8	0	0	9	0	0	9	549	577	-1	287	447	-1	295	-2	-2	-2	0	0	0	2416443456	450	300	4	30	2	7	1	100	16	150	138	3	2	16	0	600	600	600	-1	5	5	240	240	240	5	5	0	25	12	289	-1	0	5	2	2	2	6	4194816	0	0	75	95443715	87040	0	4	6	512	512	10	400	1	0	240	1	384	1	1	0	0
295	JETFIGHTER	Jet Fighter	295	170	170	16613927	8	0	0	9	0	0	9	550	578	-1	289	447	301	301	-2	-2	-2	0	0	0	2424832000	460	300	2	20	2	10	1	100	2	150	140	3	2	16	0	600	600	600	-1	5	5	240	240	240	5	5	0	10	12	-1	-1	0	5	2	2	2	7	512	0	0	90	131235110	87040	0	4	7	512	512	10	500	1	0	240	1	384	1	1	0	0
296	MIRAGE	Jet Fighter	296	170	170	1024	8	0	0	9	0	0	9	550	578	-1	289	447	-1	301	-2	-2	-2	0	0	0	2424832000	460	300	2	20	2	10	1	100	2	150	140	3	2	16	0	600	600	600	-1	5	5	240	240	240	5	5	0	10	12	295	-1	0	5	2	2	2	7	512	0	0	90	131235110	87040	0	4	7	512	512	10	500	1	0	240	1	384	1	1	0	0
297	TORNADO	Jet Fighter	297	170	170	6208	8	0	0	9	0	0	9	550	578	-1	289	447	-1	301	-2	-2	-2	0	0	0	2424832000	460	300	2	20	2	10	1	100	2	150	140	3	2	16	0	600	600	600	-1	5	5	240	240	240	5	5	0	10	12	295	-1	0	5	2	2	2	7	512	0	0	90	131235110	87040	0	4	7	512	512	10	500	1	0	240	1	384	1	1	0	0
298	TORNADODES	Jet Fighter	298	170	170	272	8	0	0	9	0	0	9	550	578	-1	289	447	-1	301	-2	-2	-2	0	0	0	2424832000	460	300	2	20	2	10	1	100	2	150	140	3	2	16	0	600	600	600	-1	5	5	240	240	240	5	5	0	10	12	295	-1	0	5	2	2	2	7	512	0	0	90	131235110	87040	0	4	7	512	512	10	500	1	0	240	1	384	1	1	0	0
299	MIG	Jet Fighter	299	170	170	155648	8	0	0	9	0	0	9	550	578	-1	289	447	-1	301	-2	-2	-2	0	0	0	2424832000	460	300	2	20	2	10	1	100	2	150	140	3	2	16	0	600	600	600	-1	5	5	240	240	240	5	5	0	10	12	295	-1	0	5	2	2	2	7	512	0	0	90	131235110	87040	0	4	7	512	512	10	500	1	0	240	1	384	1	1	0	0
300	MIGDES	Jet Fighter	300	170	170	128	8	0	0	9	0	0	9	550	578	-1	289	447	-1	301	-2	-2	-2	0	0	0	2424832000	460	300	2	20	2	10	1	100	2	150	140	3	2	16	0	600	600	600	-1	5	5	240	240	240	5	5	0	10	12	295	-1	0	5	2	2	2	7	512	0	0	90	131235110	87040	0	4	7	512	512	10	500	1	0	240	1	384	1	1	0	0
301	ADVFIGHTER	Advanced Fighter	301	170	170	16777215	8	0	0	9	0	0	9	550	581	-1	295	447	-1	-2	-2	-2	-2	0	0	0	2424832000	500	300	3	20	2	12	1	100	2	150	155	3	2	16	0	600	600	600	-1	5	5	240	240	240	5	5	0	5	12	-1	-1	0	5	2	2	2	7	0	0	0	115	167026502	87040	0	4	0	1024	1024	10	600	1	0	240	1	384	1	1	0	0
302	HAWKFB	Hawk Fighter	302	170	170	8	8	0	0	9	0	0	9	549	577	-1	287	447	303	303	-2	-2	-2	0	0	0	2416443456	450	300	4	30	2	7	1	100	16	150	138	3	2	16	0	600	600	600	-1	5	5	240	240	240	5	5	0	25	12	289	-1	0	5	2	2	2	6	20972032	0	0	75	95443715	87040	0	4	6	512	512	10	420	1	0	240	1	384	1	1	0	0
303	EAGLEFB	Eagle Fighter	303	170	170	8	8	0	0	9	0	0	9	550	578	-1	302	447	301	-2	-2	-2	-2	0	0	0	2424832000	460	300	2	20	2	10	1	100	2	150	140	3	2	16	0	600	600	600	-1	5	5	240	240	240	5	5	0	10	12	295	-1	0	5	2	2	2	7	16777728	0	0	90	131235110	87040	0	4	7	512	512	10	500	1	0	240	1	384	1	1	0	0
304	BOMBER	Bomber	304	225	225	16775167	8	0	0	11	0	0	11	549	577	-1	-1	447	305	305	-2	-2	-2	0	1	0	277610498	430	300	4	30	1	3	1	10	10	100	300	1	2	16	0	780	780	780	-1	7	7	336	336	336	7	7	0	10	12	-1	-1	0	2	5	5	5	6	128	0	0	60	35791392	87040	0	8	6	512	512	10	600	1	0	336	1	384	1	1	0	0
305	STRATEGICBOMBER	Strategic Bomber	305	225	225	16777215	8	0	0	11	0	0	11	550	578	-1	304	447	306	306	-2	-2	-2	0	1	0	277610498	520	300	3	40	1	3	1	20	12	100	340	1	2	16	0	780	780	780	-1	7	7	336	336	336	7	7	0	5	12	-1	-1	0	2	5	5	5	7	512	0	0	80	59652323	87040	0	8	7	512	512	10	750	1	0	336	1	384	1	1	0	0
306	STEALTHBOMBER	Stealth Bomber	306	225	225	16777215	8	0	0	11	0	0	11	550	581	-1	305	447	-1	-2	-2	-2	-2	0	1	0	277610498	600	300	2	40	1	4	1	30	4	100	380	1	2	16	0	780	780	780	-1	7	7	336	336	336	7	7	0	0	12	-1	-1	0	2	5	5	5	7	0	0	0	100	95443715	87040	0	8	0	1024	1024	10	900	1	0	336	1	384	1	1	0	0
307	LANCASTERBOMBER	Lancaster Bomber	307	225	225	2048	8	0	0	11	0	0	11	549	577	-1	-1	447	305	305	-2	-2	-2	0	1	0	277610498	450	300	3	30	1	3	1	10	10	100	300	1	2	16	0	780	780	780	-1	7	7	336	336	336	7	7	0	10	12	304	-1	0	2	5	5	5	6	16777344	0	0	60	47721856	87040	0	8	6	512	512	10	600	1	0	336	1	384	1	1	0	0
308	FIGHTERBOMBER	Fighter Bomber	308	170	170	16777215	8	0	0	9	0	0	9	549	577	-1	-1	-1	309	309	-2	-2	-2	0	0	0	2425094146	430	300	4	30	1	7	1	100	10	150	200	3	2	16	0	600	600	600	-1	5	5	240	240	240	5	5	0	25	12	-1	-1	0	5	2	2	2	6	4194944	0	0	75	71582787	87040	0	4	6	512	512	10	400	1	0	240	1	384	1	1	0	0
309	JETFIGHTERBOMBER	Jet Fighter Bomber	309	170	170	16777215	8	0	0	9	0	0	9	550	578	-1	308	-1	-1	-2	-2	-2	-2	0	0	0	2425094146	470	300	4	20	1	10	1	100	2	150	240	3	2	16	0	600	600	600	-1	5	5	240	240	240	5	5	0	5	12	-1	-1	0	5	2	2	2	7	4194816	0	0	90	71582787	87040	0	4	7	512	512	10	500	1	0	240	1	384	1	1	0	0
310	HELICOPTER	Helicopter	310	170	170	16777215	8	0	0	9	0	0	9	549	577	-1	-1	447	311	311	-2	-2	-2	0	2	0	303562816	140	300	5	40	1	7	0	100	2	100	95	1	2	12	0	780	780	780	-1	5	5	0	0	0	0	0	10	20	8	-1	-1	0	5	-1	1	0	6	160	0	0	75	775480205	87040	0	6	6	512	512	10	0	1	0	0	1	144	1	1	0	0
311	ATTACKHELICOPTER	Attack Helicopter	311	170	170	16769023	8	0	0	9	0	0	9	550	578	-1	310	447	-1	-2	-2	-2	-2	0	2	0	303562816	200	300	5	40	1	7	0	100	2	100	130	1	2	12	0	780	780	780	-1	5	5	0	0	0	0	0	10	20	8	-1	-1	0	5	-1	1	0	7	544	0	0	75	775480205	87040	0	6	7	512	512	10	0	1	0	0	1	144	1	1	0	0
312	HIND	Attack Helicopter	312	170	170	8192	8	0	0	9	0	0	9	550	578	-1	310	447	-1	-2	-2	-2	-2	0	2	0	303562816	200	300	5	40	1	7	0	100	2	100	130	1	2	12	0	780	780	780	-1	5	5	0	0	0	0	0	10	20	8	311	-1	0	5	-1	1	0	7	544	0	0	75	775480205	87040	0	6	7	512	512	10	0	1	0	0	1	144	1	1	0	0
313	V2ROCKET	V2 Rocket	313	170	170	16777215	8	0	0	0	10	0	10	549	577	-1	-1	520	314	-2	-2	-2	-2	0	1	0	411303938	1500	300	3	999	0	40	1	25	1	450	2	0	2	0	0	300	300	300	-1	3	3	144	144	144	3	3	0	0	12	-1	-1	0	5	3	20	20	6	128	0	0	115	107374179	87040	0	4	6	512	512	0	250	1	0	144	1	144	1	1	0	0
314	CRUISEMISSILE	Cruise Missile	314	170	170	16777215	8	0	0	0	10	0	10	550	578	-1	313	520	-1	-2	-2	-2	-2	0	1	0	411303938	3000	300	3	999	0	40	2	50	1	450	2	0	2	0	0	300	300	300	-1	3	3	144	144	144	3	3	0	0	12	-1	-1	0	5	3	20	20	7	512	0	0	115	107374179	87040	0	4	7	512	512	0	400	1	0	144	1	144	1	1	0	0
315	NUCLEARMISSILE	Nuclear Missile	315	600	600	16777215	8	0	0	0	50	0	60	549	577	-1	-1	520	316	-2	-2	-2	-2	0	0	0	411303938	12000	300	3	999	0	99999	10	75	1	450	2	0	2	0	0	300	300	300	-1	3	3	144	144	144	3	3	0	0	12	-1	-1	0	5	3	50	50	6	0	0	0	115	107374179	87040	0	4	6	512	768	0	650	1	0	144	1	144	1	1	0	0
316	NUCLEARICBMMISSILE	Nuclear ICBM	316	600	600	16777215	8	0	0	0	75	0	90	550	578	-1	315	520	-1	-2	-2	-2	-2	0	0	0	411303938	40000	300	3	999	0	99999	20	100	1	450	2	0	2	0	0	300	300	300	-1	3	3	144	144	144	3	3	0	0	12	-1	-1	0	5	3	75	75	7	0	0	0	115	107374179	87040	0	4	7	768	1280	0	950	1	0	144	1	144	1	1	0	0
317	FISHERMEN	Fishermen	317	94	94	16777215	6	0	4	0	0	0	0	-1	-1	-1	-1	432	-1	-2	-2	-2	-2	0	4	0	10244	0	0	0	55	0	0	0	100	0	0	170	0	1	6	0	600	600	600	-1	3	3	192	192	192	4	4	0	0	12	-1	-1	0	1	-1	5	0	0	128	6	0	38	906715317	524544	0	0	0	512	512	10	0	1	0	192	1	144	1	1	0	0
318	MERCHANTFLEET	Merchant Fleet	318	94	94	16777215	6	0	3	2	0	0	0	544	-1	-1	-1	-1	319	-2	-2	-2	-2	0	1	2	10244	0	0	0	55	0	0	0	100	0	0	172	1	1	6	0	600	600	600	-1	3	3	144	144	144	3	3	0	0	12	-1	-1	0	2	1	1	1	1	144	8	0	22	524940443	524544	0	0	0	512	512	10	0	1	0	144	1	144	1	1	0	0
319	MODMERCHANTFLEET	Modern Merchant Fleet	319	94	94	16777215	7	0	0	3	0	0	0	548	-1	-1	318	-1	-1	-2	-2	-2	-2	0	1	2	10244	0	0	0	55	0	0	0	100	0	0	230	1	1	6	0	600	600	600	-1	4	4	192	192	192	4	4	0	0	12	-1	-1	0	2	1	1	1	5	656	8	0	22	524940443	524544	0	0	0	512	512	10	0	1	0	240	2	144	1	1	0	0
320	TRANSPORT	Transport Barge	320	94	94	16777215	6	0	3	3	0	0	0	544	-1	-1	-1	-1	321	321	-2	-2	-2	0	2	2	10244	0	0	0	55	0	0	0	100	0	0	50	0	1	6	0	360	300	600	-1	3	3	144	144	144	3	3	0	0	12	-1	-1	0	2	1	1	1	1	144	0	0	25	429496728	557312	20	0	0	512	512	10	0	0	0	192	2	144	1	1	0	0
321	TRANSPORTGALLEON	Transport Galleon	321	94	94	16777215	7	3	3	0	0	0	0	546	-1	-1	320	-1	322	322	-2	-2	-2	0	2	2	10244	0	0	0	70	0	0	0	100	0	0	90	0	1	6	0	360	300	600	-1	3	3	144	144	144	3	3	0	0	12	-1	-1	0	2	1	1	1	3	656	0	0	25	429496728	557312	30	0	0	512	512	10	0	0	0	144	1	144	1	1	0	0
322	XPORTFREIGHT	Transport Freighter	322	94	94	16777215	7	0	0	0	0	3	3	548	-1	-1	321	-1	-1	-2	-2	-2	-2	0	2	2	10244	0	0	0	70	0	0	0	100	0	0	130	0	1	6	0	360	300	600	-1	3	3	144	144	144	3	3	0	0	12	-1	-1	0	2	1	1	1	5	656	0	0	25	429496728	557312	40	0	0	512	512	10	0	0	0	144	1	144	1	1	0	0
323	BARK	Bark	323	150	150	16777215	6	3	3	0	0	0	0	-1	572	-1	-1	432	324	324	-2	-2	-2	0	1	0	33695744	110	300	9	25	0	5	0	100	3	125	140	1	1	10	0	660	660	660	-1	4	4	192	192	192	4	4	0	0	12	-1	-1	0	0	-1	1	0	0	2097344	0	0	47	1193046470	599056	0	0	1	512	512	10	0	1	3	192	2	144	1	1	0	0
324	DROMON	Dromon	324	150	150	16777215	6	3	3	0	0	0	0	544	572	-1	323	432	325	325	-2	-2	-2	0	1	0	33695744	120	300	8	25	0	6	0	100	3	125	145	1	1	11	0	660	660	660	-1	4	4	192	192	192	4	4	0	0	12	-1	-1	0	0	-1	1	0	1	2097728	0	0	50	1193046470	599056	0	0	1	512	512	10	0	1	3	192	2	144	1	1	0	0
325	CARAVEL	Caravel	325	150	150	12582911	6	3	3	0	0	0	0	545	573	-1	324	432	326	326	-2	-2	-2	0	1	0	33564736	130	300	7	25	0	7	0	100	3	200	160	1	1	12	0	660	660	660	-1	4	4	192	192	192	4	4	0	0	12	-1	-1	0	0	-1	1	0	2	35652160	0	0	53	1264629258	599056	0	0	2	512	512	10	0	1	3	192	2	144	1	1	0	0
326	CORVETTE	Corvette	326	150	150	12582911	6	3	3	0	0	0	0	546	574	-1	325	432	327	327	-2	-2	-2	0	1	0	41953280	140	300	6	25	0	8	0	100	1	225	175	1	1	13	0	660	660	660	-1	5	5	240	240	240	5	5	0	0	12	-1	-1	0	0	-1	1	0	3	35652160	0	0	54	1360072973	599056	0	0	3	512	512	10	0	1	3	240	2	144	1	1	0	0
327	SLOOP	Sloop	327	150	150	12582911	6	3	3	0	0	0	0	547	575	-1	326	432	328	328	-2	-2	-2	0	1	0	41953280	170	300	6	25	0	9	0	100	1	225	200	2	1	14	0	660	660	660	-1	5	5	240	240	240	5	5	0	45	12	-1	-1	0	0	-1	1	0	4	35652160	0	0	57	1360072973	599056	0	0	4	512	512	10	0	1	3	240	2	144	1	1	0	0
328	DESTROYER	Destroyer	328	150	150	16777215	7	0	0	0	0	7	7	548	576	-1	327	432	329	329	-2	-2	-2	0	1	0	2189436928	180	310	5	25	0	11	0	5	3	300	205	2	1	15	0	720	720	720	-1	7	7	336	336	336	7	7	25	66	12	-1	-1	0	5	-1	2	0	5	35652160	0	0	63	1503238552	599056	0	0	5	512	512	10	0	1	3	528	4	144	1	1	0	0
329	CRUISER	Cruiser	329	150	150	16777215	7	0	0	0	0	7	7	549	577	-1	328	432	330	330	-2	-2	-2	0	1	0	2190485504	190	320	4	25	0	13	0	10	3	300	210	2	1	16	0	780	780	780	-1	7	7	336	336	336	7	7	25	66	12	-1	-1	0	5	-1	2	0	6	2097728	0	0	67	1598682267	599056	0	0	6	512	512	10	0	1	3	624	4	144	1	1	0	0
330	MISSILECRUISER	Missile Cruiser	330	150	150	16777215	7	0	0	0	0	7	7	550	578	-1	329	432	-1	-2	-2	-2	-2	0	1	0	2190485504	200	330	3	25	0	14	0	20	4	300	215	2	1	17	0	780	780	780	-1	7	7	336	336	336	7	7	25	66	12	-1	-1	0	5	-1	2	0	7	2097728	0	0	69	1646404128	599056	0	0	7	512	512	10	0	1	3	624	4	144	1	1	0	0
331	BRIG	Brig	331	150	150	4194304	6	3	3	0	0	0	0	545	573	-1	324	432	332	332	-2	-2	-2	0	1	0	33564736	140	300	7	25	0	7	0	100	3	200	165	2	1	12	0	660	660	660	-1	4	4	192	192	192	4	4	0	0	12	325	-1	0	0	-1	1	0	2	52429376	0	0	54	1264629258	599056	0	0	2	512	512	10	0	1	3	192	2	144	1	1	0	0
332	FLUYT	Fluyt	332	150	150	4194304	6	3	3	0	0	0	0	546	574	-1	331	432	333	333	-2	-2	-2	0	1	0	41953280	150	300	6	25	0	8	0	100	1	225	180	2	1	13	0	660	660	660	-1	5	5	240	240	240	5	5	0	0	12	326	-1	0	0	-1	1	0	3	52429376	0	0	55	1360072973	599056	0	0	3	512	512	10	0	1	3	240	2	144	1	1	0	0
333	CLIPPER	Clipper	333	150	150	4194304	6	3	3	0	0	0	0	547	575	-1	332	432	328	328	-2	-2	-2	0	1	0	41953280	180	300	6	25	0	9	0	100	1	225	205	3	1	14	0	660	660	660	-1	5	5	240	240	240	5	5	0	45	12	327	-1	0	0	-1	1	0	4	52429376	0	0	58	1360072973	599056	0	0	4	512	512	10	0	1	3	240	2	144	1	1	0	0
334	FIRERAFT	Fire Raft	334	150	150	16777215	6	0	2	4	0	0	0	544	572	-1	-1	432	335	335	-2	-2	-2	0	3	0	8192	530	302	1	99	0	1	2	210	1	300	120	1	1	8	0	660	660	660	-1	4	4	192	192	192	4	4	0	0	12	-1	-1	0	2	-1	1	0	1	33562752	0	0	38	930576245	599040	0	0	1	512	512	10	0	2	3	192	2	144	1	1	0	0
335	HEAVYFIRERAFT	Heavy Fire Raft	335	150	150	16777215	6	0	2	4	0	0	0	545	573	-1	334	432	336	336	-2	-2	-2	0	3	0	8192	620	302	1	99	0	1	2	200	1	300	140	1	1	8	0	660	660	660	-1	4	4	192	192	192	4	4	0	0	12	-1	-1	0	2	-1	1	0	2	33563136	0	0	40	954437176	599040	0	0	2	512	512	10	0	2	3	192	2	144	1	1	0	0
336	FIRESHIP	Fireship	336	150	150	16777215	6	0	3	6	0	0	0	546	574	-1	335	432	337	337	-2	-2	-2	0	3	0	8192	710	302	1	99	0	1	2	200	1	300	170	1	1	9	0	660	660	660	-1	4	4	192	192	192	4	4	0	0	12	-1	-1	0	2	-1	1	0	3	33563136	0	0	42	1002159032	599040	0	0	3	512	512	10	0	2	3	192	2	144	1	1	0	0
337	HEAVYFIRESHIP	Heavy Fireship	337	150	150	16777215	6	0	3	6	0	0	0	547	575	-1	336	432	338	338	-2	-2	-2	0	3	0	8192	800	303	1	99	0	1	2	200	1	300	210	1	1	9	0	660	660	660	-1	4	4	192	192	192	4	4	0	0	12	-1	-1	0	2	-1	1	0	4	33563136	0	0	44	1049880891	599040	0	0	4	512	512	10	0	2	3	192	2	144	1	1	0	0
338	SUBMARINE	Submarine	338	150	150	16777215	7	0	0	8	0	0	6	548	576	-1	337	432	339	339	-2	-2	-2	0	3	0	42999808	960	305	5	50	0	9	0	100	2	20	250	1	1	11	0	720	720	720	-1	4	4	0	0	0	0	0	0	0	8	-1	-1	0	5	-1	2	0	5	1065472	0	0	46	1097602752	599040	0	0	5	512	512	10	0	2	3	0	1	144	1	1	0	0
339	ATTACKSUB	Attack Submarine	339	150	150	16777215	7	0	0	8	0	0	6	550	578	-1	338	432	-1	-2	-2	-2	-2	0	3	0	43000320	1030	315	3	50	0	12	0	100	2	30	290	1	1	14	0	720	720	720	-1	4	4	0	0	0	0	0	0	0	8	-1	-1	0	5	-1	2	0	7	1065472	0	0	50	1193046470	599040	0	0	7	512	512	10	0	2	3	0	1	144	1	1	0	0
340	TRIREME	Trireme	340	225	225	16777215	6	0	4	0	0	4	0	-1	572	-1	-1	432	341	341	-2	-2	-2	0	0	0	141312	200	300	5	40	0	9	0	100	3	100	180	3	1	10	0	660	660	660	-1	7	7	336	336	336	7	7	0	0	12	-1	-1	0	4	-1	2	0	0	192	0	0	35	835132528	599040	0	0	1	512	512	10	0	2	3	336	2	144	1	1	0	0
341	GALLEY	Galley	341	225	225	16777215	6	0	4	0	0	4	0	544	572	-1	340	432	342	342	-2	-2	-2	0	0	0	141312	220	305	4	40	0	9	0	100	3	100	210	3	1	11	0	660	660	660	-1	7	7	336	336	336	7	7	0	0	12	-1	-1	0	4	-1	2	0	1	576	0	0	37	882854384	599040	0	0	1	512	512	10	0	2	3	384	2	144	1	1	0	0
342	GALLEON	Carrack	342	225	225	16777215	6	0	4	0	0	4	0	545	573	-1	341	432	343	343	-2	-2	-2	0	0	0	141312	240	310	3	40	0	9	0	100	3	100	250	4	1	12	0	660	660	660	-1	7	7	336	336	336	7	7	0	0	12	-1	-1	0	4	-1	2	0	2	576	0	0	39	930576245	599040	0	0	2	512	512	10	0	2	3	240	2	144	1	1	0	0
343	FRIGATE	Frigate	343	225	225	16777215	6	0	6	0	0	6	0	546	574	-1	342	432	344	344	-2	-2	-2	0	0	0	10240	260	315	3	40	0	10	0	100	1	200	270	4	1	13	0	720	720	720	-1	5	5	240	240	240	5	5	0	0	12	-1	-1	0	4	-1	2	0	3	33555008	0	0	41	978298104	599040	0	0	3	512	512	10	0	2	3	288	2	144	1	1	0	0
344	MANOWAR	Man o' War	344	225	225	16777215	6	0	6	0	0	6	0	547	575	-1	343	432	348	348	-2	-2	-2	0	0	0	10240	290	318	3	40	0	11	0	100	1	200	300	5	1	14	0	720	720	720	-1	6	6	288	288	288	6	6	0	0	12	-1	-1	0	4	-1	2	0	4	33555008	0	0	43	1026019963	599040	0	0	4	512	512	10	0	2	3	288	2	144	1	1	0	0
345	SIEGESHIP	Siegeship	345	300	300	0	6	0	8	0	0	8	0	546	574	-1	-1	432	-1	347	-2	-2	-2	0	2	0	8660992	290	118	6	55	4	19	1	5	1	100	200	3	1	17	0	720	720	720	-1	6	6	288	288	288	6	6	0	0	12	-1	-1	0	4	-1	2	0	3	128	0	0	29	691966950	599040	0	0	3	512	512	10	0	2	3	240	2	144	1	1	3	0
346	BOMBARDSHIP	Bomb Vessel	346	300	300	16777215	6	0	8	0	0	8	0	546	574	-1	-1	432	347	347	-2	-2	-2	0	2	0	8660992	290	118	6	55	4	19	1	5	1	100	200	3	1	17	0	720	720	720	-1	6	6	288	288	288	6	6	0	0	12	-1	-1	0	4	-1	2	0	3	128	0	0	29	691966950	599040	0	0	3	512	512	10	0	2	3	240	2	144	1	1	0	0
347	MORTARSHIP	Bomb Ketch	347	300	300	16777215	6	0	8	0	0	8	0	547	575	-1	346	432	-1	348	-2	-2	-2	0	2	0	8660992	340	125	5	55	4	20	1	10	1	100	220	3	1	18	0	720	720	720	-1	6	6	288	288	288	6	6	0	0	12	-1	-1	0	4	-1	2	0	4	512	0	0	32	763549738	599040	0	0	4	512	512	10	0	2	3	288	2	144	1	1	0	0
348	DREADNOUGHT	Dreadnought	348	300	300	16777215	7	0	0	0	0	14	9	548	576	-1	344	432	349	349	-2	-2	-2	0	0	0	8660992	350	300	3	50	0	22	1	15	2	250	325	5	1	19	0	1020	1020	1020	-1	7	7	336	336	336	7	7	0	30	12	-1	-1	0	4	5	5	2	5	33555008	0	0	44	1073741824	599040	0	0	5	512	512	10	0	2	3	624	4	144	1	1	0	0
349	BATTLESHIP	Battleship	349	300	300	16777215	7	0	0	0	0	14	9	549	577	-1	348	432	350	350	-2	-2	-2	0	0	0	272386	360	300	3	40	0	24	1	20	3	300	335	5	1	20	0	1020	1020	1020	-1	7	7	336	336	336	7	7	0	50	12	-1	-1	0	4	5	5	2	6	33555008	0	0	47	1121463680	599040	0	0	6	512	512	10	0	2	3	720	4	144	1	1	0	0
350	ADVANCEDBATTLESHIP	Advanced Battleship	350	300	300	16777215	7	0	0	0	0	14	9	550	578	-1	349	432	-1	-2	-2	-2	-2	0	0	0	272387	410	300	2	40	0	26	1	25	6	300	375	6	1	21	0	1020	1020	1020	-1	7	7	336	336	336	7	7	0	70	12	-1	-1	0	4	5	5	2	7	512	0	0	49	1169185539	599040	0	0	7	512	512	10	0	2	3	864	5	144	1	1	0	0
351	AIRCRAFTCARRIER	Aircraft Carrier	351	250	250	16777215	7	0	0	65	0	0	65	549	577	-1	-1	432	-1	-2	-2	-2	-2	0	2	0	2147494401	600	300	4	50	0	9	0	100	1	250	600	0	1	16	0	1188	1188	1188	-1	7	7	336	336	336	7	7	33	90	12	-1	-1	0	2	5	100	100	6	128	2	0	42	1002159032	631808	12	0	6	512	512	10	0	2	0	672	4	144	1	1	0	0
352	THEDESPOT	The Despot	352	300	300	16777215	4	0	0	10	0	10	0	623	-2	-1	54	438	-1	-2	-2	-2	-2	0	0	0	67145732	0	0	0	15	0	0	0	100	0	0	109	0	0	16	0	360	360	360	-1	3	3	48	48	48	1	1	0	0	8	-1	-1	0	4	2	20	20	1	67147910	98	0	42	190887434	262400	0	1	0	512	512	10	1000	0	0	48	1	144	1	1	2	0
353	THESENATOR	The Senator	353	300	300	16777215	4	0	0	10	0	10	0	624	-2	-1	54	438	-1	-2	-2	-2	-2	0	0	0	67145732	0	0	0	15	0	0	0	100	0	0	109	0	0	8	0	360	360	360	-1	3	3	48	48	48	1	1	0	0	8	-1	-1	0	4	2	20	20	1	67147910	34	0	42	190887434	262400	0	1	0	512	512	10	1000	0	0	48	1	144	1	1	2	0
354	THEMONARCH	The Monarch	354	300	300	16777215	4	0	0	10	0	10	0	625	-2	-1	54	438	-1	-2	-2	-2	-2	0	0	0	67145732	0	0	0	15	0	0	0	100	0	0	109	0	0	8	0	360	360	360	-1	3	3	48	48	48	1	1	0	0	8	-1	-1	0	4	2	20	20	3	67147910	98	0	42	190887434	262400	0	1	0	512	512	10	1000	0	0	48	1	144	1	1	2	0
355	THEPRESIDENT	The President	355	300	300	16777215	4	0	0	10	0	10	0	626	-2	-1	54	438	-1	-2	-2	-2	-2	0	0	0	67145732	0	0	0	15	0	0	0	100	0	0	109	0	0	8	0	360	360	360	-1	3	3	48	48	48	1	1	0	0	8	-1	-1	0	4	2	20	20	3	67147910	34	0	42	190887434	262400	0	1	0	512	512	10	1000	0	0	48	1	144	1	1	2	0
356	THECITIZEN	The Comrade	356	300	300	16777215	4	0	0	10	0	10	0	627	-2	-1	54	438	-1	-2	-2	-2	-2	0	0	0	67145732	0	0	0	15	0	0	0	100	0	0	109	0	0	8	0	360	360	360	-1	3	3	48	48	48	1	1	0	0	8	-1	-1	0	4	2	20	20	5	67147910	98	0	42	190887434	262400	0	1	0	512	512	10	1000	0	0	48	1	144	1	1	3	0
357	THECEO	The CEO	357	300	300	16777215	4	0	0	10	0	10	0	628	-2	-1	54	438	-1	-2	-2	-2	-2	0	0	0	67145732	0	0	0	15	0	0	0	100	0	0	109	0	0	8	0	360	360	360	-1	3	3	48	48	48	1	1	0	0	8	-1	-1	0	4	2	20	20	5	67147910	34	0	42	190887434	262400	0	1	0	512	512	10	1000	0	0	48	1	144	1	1	3	0
358	ALEXANDER	Alexander	358	300	300	0	4	0	0	10	0	10	0	552	-1	-1	54	-1	-1	-2	-2	-2	-2	0	0	0	67145732	0	0	0	15	0	0	0	100	0	0	500	0	0	8	0	360	360	360	-1	3	3	48	48	48	1	1	0	0	8	-1	-1	0	4	2	20	20	1	39046	34	0	42	190887434	262400	0	1	0	512	512	10	4000	1	0	48	1	144	1	1	0	0
359	NAPOLEON	Napoleon	359	300	300	0	4	0	0	10	0	10	0	552	-1	-1	54	-1	-1	-2	-2	-2	-2	0	0	0	67145732	0	0	0	15	0	0	0	100	0	0	500	0	0	8	0	360	360	360	-1	3	3	48	48	48	1	1	0	0	8	-1	-1	0	4	2	20	20	1	39046	34	0	42	190887434	262400	0	1	0	512	512	10	4000	1	0	48	1	144	1	1	0	0
360	PARMENIO	Parmenio	360	300	300	0	4	0	0	10	0	10	0	552	-1	-1	54	-1	-1	-2	-2	-2	-2	0	0	0	67145732	0	0	0	15	0	0	0	100	0	0	500	0	0	8	0	360	360	360	-1	3	3	48	48	48	1	1	0	0	8	-1	-1	0	4	2	20	20	1	39046	34	0	42	190887434	262400	0	1	0	512	512	10	2000	1	0	48	1	144	1	1	0	0
361	ANTIPATER	Antipater	361	300	300	0	4	0	0	10	0	10	0	552	-1	-1	54	-1	-1	-2	-2	-2	-2	0	0	0	67145732	0	0	0	15	0	0	0	100	0	0	500	0	0	8	0	360	360	360	-1	3	3	48	48	48	1	1	0	0	8	-1	-1	0	4	2	20	20	1	39046	34	0	42	190887434	262400	0	1	0	512	512	10	2000	1	0	48	1	144	1	1	0	0
362	PTOLEMY	Ptolemy	362	300	300	0	4	0	0	10	0	10	0	552	-1	-1	54	-1	-1	-2	-2	-2	-2	0	0	0	67145732	0	0	0	15	0	0	0	100	0	0	500	0	0	8	0	360	360	360	-1	3	3	48	48	48	1	1	0	0	8	-1	-1	0	4	2	20	20	1	39046	34	0	42	190887434	262400	0	1	0	512	512	10	2000	1	0	48	1	144	1	1	0	0
363	DARIUS	Darius	363	300	300	0	4	0	0	10	0	10	0	552	-1	-1	54	-1	-1	-2	-2	-2	-2	0	0	0	67145732	0	0	0	15	0	0	0	100	0	0	500	0	0	8	0	360	360	360	-1	3	3	48	48	48	1	1	0	0	8	-1	-1	0	4	2	20	20	1	39046	34	0	42	190887434	262400	0	1	0	512	512	10	2000	1	0	48	1	144	1	1	3	0
364	MEMNON	Memnon	364	300	300	0	4	0	0	10	0	10	0	552	-1	-1	54	-1	-1	-2	-2	-2	-2	0	0	0	67145732	0	0	0	15	0	0	0	100	0	0	500	0	0	8	0	360	360	360	-1	3	3	48	48	48	1	1	0	0	8	-1	-1	0	4	2	20	20	1	55430	34	0	42	190887434	262400	0	1	0	512	512	10	2000	1	0	48	1	144	1	1	0	0
365	SPITAMENES	Spitamenes	365	300	300	0	4	0	0	10	0	10	0	552	-1	-1	54	-1	-1	-2	-2	-2	-2	0	0	0	67145732	0	0	0	15	0	0	0	100	0	0	500	0	0	8	0	360	360	360	-1	3	3	48	48	48	1	1	0	0	8	-1	-1	0	4	2	20	20	1	39046	34	0	42	190887434	262400	0	1	0	512	512	10	2000	1	0	48	1	144	1	1	1	0
366	CHANDRAGUPTA	Chandragupta Maurya	366	300	300	0	4	0	0	10	0	10	0	552	-1	-1	54	-1	-1	-2	-2	-2	-2	0	0	0	67145732	0	0	0	15	0	0	0	100	0	0	500	0	0	8	0	540	540	540	-1	4	4	48	48	48	1	1	0	0	8	-1	-1	0	4	2	20	20	1	39046	34	0	42	190887434	262400	0	1	0	512	512	10	2000	1	0	48	1	144	1	1	2	0
367	PORUS	Porus	367	300	300	0	4	0	0	10	0	10	0	552	-1	-1	54	-1	-1	-2	-2	-2	-2	0	0	0	100700164	0	0	0	15	0	0	0	100	0	0	1000	0	0	8	0	540	540	540	-1	4	4	48	48	48	1	1	0	0	8	-1	-1	0	4	2	20	20	1	39046	34	0	42	190887434	262400	0	1	0	512	512	10	2000	1	0	48	1	144	1	1	2	0
368	WELLINGTON	Wellington	368	300	300	0	4	0	0	10	0	10	0	552	-1	-1	54	-1	-1	-2	-2	-2	-2	0	0	0	100700164	0	0	0	15	0	0	0	100	0	0	500	0	0	8	0	360	360	360	-1	3	3	48	48	48	1	1	0	0	8	-1	-1	0	4	2	20	20	1	39046	34	0	42	190887434	262400	0	1	0	512	512	10	2000	1	0	48	1	144	1	1	0	0
369	CHARLES	Archduke Charles	369	300	300	0	4	0	0	10	0	10	0	552	-1	-1	54	-1	-1	-2	-2	-2	-2	0	0	0	67145732	0	0	0	15	0	0	0	100	0	0	500	0	0	8	0	360	360	360	-1	3	3	48	48	48	1	1	0	0	8	-1	-1	0	4	2	20	20	1	39046	34	0	42	190887434	262400	0	1	0	512	512	10	2000	1	0	48	1	144	1	1	1	0
370	DJEZZAR	Djezzar	370	300	300	0	4	0	0	10	0	10	0	552	-1	-1	54	-1	-1	-2	-2	-2	-2	0	0	0	67145732	0	0	0	15	0	0	0	100	0	0	500	0	0	8	0	360	360	360	-1	3	3	48	48	48	1	1	0	0	8	-1	-1	0	4	2	20	20	1	39046	34	0	42	190887434	262400	0	1	0	512	512	10	2000	1	0	48	1	144	1	1	1	0
371	FOUCHE	Advisor Fouché	371	225	225	0	4	0	0	5	0	5	0	552	545	-1	58	-1	-1	-2	-2	-2	-2	0	1	0	67141668	0	0	0	30	0	0	0	100	0	100	15	0	0	8	0	144	144	144	-1	1	1	48	48	48	1	1	0	0	8	-1	-1	0	4	2	10	10	1	22660	2	0	21	536870912	262400	0	1	0	512	512	10	3000	1	0	48	1	144	1	1	0	0
372	SCHWARZENBERG	Commander Schwarzenberg	372	180	180	0	0	0	0	4	0	4	0	548	-1	-1	73	-1	-1	-2	-2	-2	-2	0	4	0	100696420	0	300	0	30	0	6	0	100	1	100	180	0	0	8	2	144	144	144	-1	3	3	48	48	48	1	1	0	0	8	-1	-1	0	2	4	10	10	5	268805	18	0	37	286331149	262416	0	1	0	512	512	10	2000	1	0	48	1	144	1	1	0	0
373	BLUCHER	General Blucher	373	300	300	0	4	0	0	10	0	10	0	552	-1	-1	54	-1	-1	-2	-2	-2	-2	0	0	0	67145732	0	0	0	15	0	0	0	100	0	0	500	0	0	8	0	360	360	360	-1	3	3	48	48	48	1	1	0	0	8	-1	-1	0	4	2	20	20	1	39046	34	0	42	190887434	262400	0	1	0	512	512	10	2000	1	0	48	1	144	1	1	1	0
374	KUTOSOV	General Kutosov	374	300	300	0	4	0	0	10	0	10	0	552	-1	-1	54	-1	-1	-2	-2	-2	-2	0	0	0	67145732	0	0	0	15	0	0	0	100	0	0	500	0	0	8	0	360	360	360	-1	3	3	48	48	48	1	1	0	0	8	-1	-1	0	4	2	20	20	1	39046	34	0	42	190887434	262400	0	1	0	512	512	10	2000	1	0	48	1	144	1	1	1	0
375	PAOLI	Commander Paoli	375	180	180	0	0	0	0	4	0	4	0	548	-1	-1	73	-1	-1	-2	-2	-2	-2	0	4	0	100696420	0	300	0	30	0	6	0	100	1	100	180	0	0	8	2	144	144	144	-1	3	3	48	48	48	1	1	0	0	8	-1	-1	0	2	4	10	10	5	268805	18	0	37	286331149	262416	0	1	0	512	512	10	1000	1	0	48	1	144	1	1	0	0
376	DARIUSCHARIOT	War Chariot	376	225	225	0	1	0	6	4	0	0	0	544	573	-1	-1	428	188	-2	-2	-2	-2	0	2	0	151552	140	300	4	25	0	10	0	100	1	100	65	0	0	9	0	360	360	360	-1	3	3	96	96	96	2	2	0	0	12	187	-1	0	2	1	1	1	1	18878592	0	0	30	763549738	328716	0	3	2	512	512	10	0	1	3	144	2	144	1	1	1	0
377	MANOWAR	Ship of the Line	377	225	225	0	6	0	7	0	0	7	0	547	575	-1	343	-1	348	348	-2	-2	-2	0	0	0	10240	320	318	3	40	0	13	0	100	1	200	315	5	1	14	0	720	720	720	-1	6	6	288	288	288	6	6	0	0	12	344	-1	0	4	-1	2	0	4	33555008	0	0	43	1026019963	599040	0	0	4	512	512	10	0	2	3	288	2	144	1	1	0	0
378	JUNKERS	Junkers	378	169	169	0	0	7	6	0	0	0	0	547	575	-1	98	-1	100	100	-2	-2	-2	0	0	0	104	220	300	0	44	0	10	0	100	1	350	142	2	0	11	0	144	144	144	-1	1	1	48	48	48	1	1	0	25	8	99	-1	0	1	0	1	1	4	6912	0	0	24	250539757	1379328	0	2	4	512	512	10	0	1	3	48	1	144	1	3	0	0
379	ARMOREDCAR	Patrol Jeep	379	188	188	0	2	8	0	0	0	0	2	549	577	-1	216	-1	390	390	-2	-2	-2	0	0	0	2637889	210	300	4	30	0	12	0	100	1	350	168	4	0	13	0	360	360	360	-1	4	4	96	96	96	2	2	0	33	12	218	-1	0	0	5	1	1	6	2097664	0	0	45	274400685	328704	0	4	6	512	512	10	0	1	3	96	1	144	1	1	0	0
380	INFANTRY	Guerilla Fighters	380	130	130	0	0	5	4	0	0	0	0	549	577	-1	100	-1	106	104	-2	-2	-2	0	0	0	352	250	90	4	32	0	13	0	100	1	450	140	1	0	16	0	144	144	144	-1	1	1	48	48	48	1	1	0	33	8	102	-1	0	1	0	1	1	6	269056	0	0	32	322122544	1379328	0	2	6	512	512	10	0	1	3	48	1	144	1	3	0	0
381	INFANTRY	Guerilla Fighters	381	130	130	0	0	5	4	0	0	0	0	549	577	-1	100	-1	106	104	-2	-2	-2	0	0	0	352	250	90	4	32	0	13	0	100	1	450	140	1	0	16	0	144	144	144	-1	1	1	48	48	48	1	1	0	33	8	102	-1	0	1	0	1	1	6	269056	0	0	32	322122544	1379328	0	2	6	512	512	10	0	1	3	48	1	144	1	3	0	0
382	INFANTRY	Guerilla Fighters	382	130	130	0	0	5	4	0	0	0	0	549	577	-1	100	-1	106	104	-2	-2	-2	0	0	0	352	250	90	4	32	0	13	0	100	1	450	140	1	0	16	0	144	144	144	-1	1	1	48	48	48	1	1	0	33	8	102	-1	0	1	0	1	1	6	269056	0	0	32	322122544	1379328	0	2	6	512	512	10	0	1	3	48	1	144	1	3	0	0
383	INFANTRY	Guerilla Fighters	383	130	130	0	0	5	4	0	0	0	0	549	577	-1	100	-1	106	104	-2	-2	-2	0	0	0	352	250	90	4	32	0	13	0	100	1	450	140	1	0	16	0	144	144	144	-1	1	1	48	48	48	1	1	0	33	8	102	-1	0	1	0	1	1	6	269056	0	0	32	322122544	1379328	0	2	6	512	512	10	0	1	3	48	1	144	1	3	0	0
384	BANDEIRANTES	Bandeirantes	384	174	174	0	0	7	0	0	0	3	0	546	574	-1	134	-1	385	385	-2	-2	-2	0	1	0	1073742048	200	300	0	44	0	4	0	100	1	350	205	3	0	11	0	144	144	144	-1	1	1	48	48	48	1	1	0	25	8	135	-1	0	4	0	1	1	3	17046272	0	0	25	190887434	330754	0	2	3	512	512	10	0	1	3	48	1	144	1	3	0	0
385	BANDEIRANTESELITE	Elite Bandeirantes	385	174	174	0	0	7	0	0	0	3	0	547	575	-1	384	-1	137	137	-2	-2	-2	0	1	0	1073742048	210	300	0	44	0	5	0	100	1	350	210	3	0	12	0	144	144	144	-1	1	1	48	48	48	1	1	0	25	8	136	-1	0	4	0	1	1	4	17046272	0	0	25	190887434	330754	0	2	4	512	512	10	0	1	3	48	1	144	1	3	0	0
386	MUSKETEERS	Red Coats	386	169	169	0	0	7	0	6	0	0	0	547	575	-1	179	-1	100	100	-2	-2	-2	0	0	0	104	210	300	0	44	0	11	0	100	1	350	149	2	0	11	0	144	144	144	-1	1	1	48	48	48	1	1	0	25	8	99	-1	0	2	0	1	1	4	6912	0	0	24	250539757	1379328	0	2	4	512	512	10	0	1	3	48	1	144	1	3	0	0
387	ELITESPECIAL	SAS	387	180	180	0	0	0	0	4	0	4	0	550	-1	-1	73	-1	-1	-2	-2	-2	-2	0	4	0	33587556	0	300	0	20	0	9	0	100	1	100	160	0	0	12	2	144	144	144	-1	1	1	48	48	48	1	1	0	0	8	77	-1	0	2	4	10	10	7	268293	18	0	42	286331149	262416	0	1	0	512	512	10	3000	1	0	48	1	144	1	1	0	0
388	ADVFIGHTER	Harrier Jet	388	170	170	0	8	0	0	9	0	0	9	550	578	-1	295	-1	-1	-2	-2	-2	-2	0	0	0	2424832000	500	300	3	20	2	12	1	100	2	150	155	3	2	16	0	600	600	600	-1	5	5	240	240	240	5	5	0	5	12	301	-1	0	5	2	2	2	7	0	0	0	115	167026502	87040	0	4	7	1024	1024	10	600	1	0	240	1	384	1	1	0	0
389	PTBOAT	Patrol Boat	389	120	120	0	7	0	5	0	0	0	3	549	577	-1	328	-1	330	330	-2	-2	-2	0	1	0	2190485504	150	320	4	25	0	10	0	10	3	300	170	1	1	14	0	540	540	540	-1	5	5	240	240	240	5	5	25	66	12	329	-1	0	5	-1	2	0	6	2097728	0	0	67	1598682267	599056	0	0	6	512	512	10	0	1	3	192	4	144	1	1	0	0
390	HUMVEE	Humvee	390	188	188	0	2	0	0	4	0	0	4	550	578	-1	379	-1	-1	-2	-2	-2	-2	0	0	0	2637889	200	300	4	30	0	13	0	100	2	350	150	5	0	14	0	360	360	360	-1	4	4	96	96	96	2	2	0	33	12	-1	-1	0	2	5	1	1	7	2097664	0	0	47	274400685	328704	0	4	7	512	512	10	0	1	3	96	1	144	1	1	0	0
391	BARBARIANARCHER	Barbarian Archers	391	169	169	0	0	0	4	5	0	0	0	-1	-1	-1	170	-1	172	172	-2	-2	-2	0	2	0	132128	180	300	0	30	0	7	0	100	1	100	90	0	0	11	0	144	144	144	-1	1	1	48	48	48	1	1	0	0	8	171	-1	0	1	2	1	1	0	6912	0	0	26	286331149	1379328	0	2	0	512	512	10	0	1	3	48	1	144	1	3	0	0
392	BARBARIANJAVELINEERS	Barbarian Javelineers	392	150	150	0	0	4	4	0	0	0	0	-1	-1	-1	82	-1	84	84	-2	-2	-2	0	0	0	196640	130	300	0	33	0	5	0	100	1	80	95	0	0	8	0	144	144	144	-1	1	1	48	48	48	1	1	0	0	8	83	-1	0	1	0	1	1	0	6913	0	0	29	357913941	1379328	0	1	0	512	512	10	0	1	3	48	1	144	1	3	0	0
393	BARBARIANPHALANX	Barbarian Phalanx	393	188	188	0	0	5	0	0	0	3	0	-1	-1	-1	132	-1	134	134	-2	-2	-2	0	1	0	1077936288	190	0	0	32	0	0	0	100	0	0	145	0	0	7	0	144	144	144	-1	1	1	48	48	48	1	1	0	0	8	133	-1	0	0	4	1	1	0	6912	0	0	25	190887434	329731	0	2	0	512	512	10	0	1	3	48	1	144	1	3	0	0
394	GREEKMERCS	Greek Mercenaries	394	150	150	0	0	1	0	3	0	0	0	544	572	-1	132	-1	-1	134	-2	-2	-2	0	1	0	1077936288	100	0	0	32	0	0	0	100	0	0	100	2	0	7	0	144	144	144	-1	1	1	48	48	48	1	1	0	0	8	-1	-1	0	2	-1	2	0	1	6912	0	0	25	190887434	329731	0	2	1	512	512	10	0	1	0	48	1	144	1	3	0	0
395	ROYALGUARD	Imperial Guard	395	169	169	0	0	7	0	6	0	0	0	547	575	-1	98	-1	100	100	-2	-2	-2	0	0	0	104	200	300	0	44	0	10	0	100	1	350	156	3	0	11	0	144	144	144	-1	1	1	48	48	48	1	1	0	25	8	99	-1	0	0	2	1	1	4	6912	0	0	24	250539757	1379328	0	2	4	512	512	10	0	1	3	48	1	144	1	3	0	0
396	FRIGATE	Galleon	396	225	225	0	6	0	8	0	0	6	0	546	574	-1	342	-1	344	344	-2	-2	-2	0	0	0	10240	260	315	3	40	0	10	0	100	1	200	320	5	1	13	0	720	720	720	-1	5	5	240	240	240	5	5	0	0	12	343	-1	0	4	-1	2	0	3	33555008	0	0	41	978298104	599040	0	0	3	512	512	10	0	2	3	288	2	144	1	1	0	0
397	IRONCLAD	Ironclad	397	150	150	0	6	3	3	0	0	0	0	546	574	-1	326	-1	328	328	-2	-2	-2	0	1	0	42999808	270	305	5	25	0	9	0	100	1	225	250	6	1	11	0	720	720	720	-1	4	4	240	240	240	5	5	0	0	12	327	-1	0	0	-1	1	0	3	35652164	0	0	46	1097602752	599056	0	0	3	512	512	10	0	1	3	240	2	144	1	1	0	0
398	TYPHOON	Nuclear Missile Sub	398	150	150	0	7	0	0	8	0	0	6	550	578	-1	338	-1	-1	-2	-2	-2	-2	0	3	0	43000320	1030	315	3	50	0	12	0	100	2	30	290	1	1	14	0	720	720	720	-1	4	4	0	0	0	0	0	0	0	8	339	-1	0	5	-1	2	0	7	1065472	0	0	50	1193046470	599040	0	0	7	512	512	10	0	2	3	0	1	144	1	1	0	0
399	MORTARSHIP	Catapult Ship	399	300	300	0	6	0	8	0	0	8	0	544	572	-1	-1	-1	-1	-2	-2	-2	-2	0	2	0	8660992	340	125	5	55	4	20	1	10	1	100	220	3	1	18	0	720	720	720	-1	6	6	288	288	288	6	6	0	0	12	347	-1	0	4	-1	2	0	1	512	0	0	32	763549738	599040	0	0	1	512	512	10	0	2	3	288	2	144	1	1	0	0
400	MERCHANTDUTCH	Fur Trapper	400	156	156	0	5	0	5	2	0	0	0	-1	-1	-1	-1	-1	-1	-2	-2	-2	-2	0	1	0	4231172	100	300	0	40	0	8	0	100	1	100	120	1	0	12	0	144	144	144	-1	3	3	96	96	96	2	2	0	0	12	61	-1	0	1	2	5	5	0	2103426	6	0	23	190887434	262400	0	2	0	512	512	10	0	1	0	96	1	144	1	1	2	0
401	BOUDICEAN	Boadicea	401	375	375	16777215	0	0	0	3	6	0	0	551	-1	-1	-1	-1	-1	-2	-2	-2	-2	0	1	0	33591300	150	0	0	15	0	0	0	100	0	0	500	5	0	10	0	360	360	360	-1	2	2	48	48	48	1	1	0	0	8	-1	-1	0	-1	-1	0	0	0	6272	0	0	36	322122544	1378305	0	1	0	512	512	10	0	1	0	48	1	144	1	1	0	0
402	WILDBIRD	Wild Bird	402	188	188	0	8	3	0	0	0	0	0	-1	-1	-1	-1	415	-1	-2	-2	-2	-2	0	0	0	4194340	0	0	0	30	0	0	0	100	0	100	1	0	2	4	0	96	96	96	-1	1	1	48	48	48	1	1	0	0	8	-1	-1	0	-1	-1	0	0	-1	1	0	0	35	59652323	4352	0	1	-1	512	512	10	0	1	3	48	1	144	1	1	0	0
403	FLOCKBIRD	Flock Bird	403	188	188	0	8	3	0	0	0	0	0	-1	-1	-1	-1	415	-1	-2	-2	-2	-2	0	0	0	4194340	0	0	0	30	0	0	0	100	0	100	1	0	2	4	0	96	96	96	-1	1	1	48	48	48	1	1	0	0	8	-1	-1	0	-1	-1	0	0	-1	1	0	0	55	119304646	4352	0	1	-1	512	512	10	0	1	3	48	1	144	1	1	0	0
404	GULLBIRD	Gull Bird	404	188	188	0	8	3	0	0	0	0	0	-1	-1	-1	-1	415	-1	-2	-2	-2	-2	0	0	0	4194340	0	0	0	30	0	0	0	100	0	100	1	0	2	4	0	96	96	96	-1	1	1	48	48	48	1	1	0	0	8	-1	-1	0	-1	-1	0	0	-1	4194305	0	0	35	59652323	4352	0	1	-1	512	512	10	0	1	3	48	1	144	1	1	0	0
405	FARMPIG	Farm Pig	405	188	188	0	1	3	0	0	0	0	0	-1	-1	-1	-1	415	-1	-2	-2	-2	-2	0	0	0	4194340	0	0	0	30	0	0	0	100	0	100	1	0	0	4	0	96	96	96	-1	0	0	0	0	0	0	0	0	0	8	-1	-1	0	-1	-1	0	0	-1	1	0	0	10	11930464	262412	0	1	-1	512	512	10	9999	1	3	0	1	144	1	1	0	0
406	FARMCHICKEN	Farm Chicken	406	188	188	0	1	3	0	0	0	0	0	-1	-1	-1	-1	415	-1	-2	-2	-2	-2	0	0	0	4194340	0	0	0	30	0	0	0	100	0	100	1	0	0	4	0	96	96	96	-1	0	0	0	0	0	0	0	0	0	8	-1	-1	0	-1	-1	0	0	-1	1	0	0	25	59652323	262412	0	1	-1	512	512	10	9999	1	3	0	1	144	1	1	0	0
407	HERDHORSES	Herd Horse	407	188	188	0	1	3	0	0	0	0	0	-1	-1	-1	-1	415	-1	-2	-2	-2	-2	0	0	0	4194340	0	0	0	30	0	0	0	100	0	100	1	0	0	4	0	96	96	96	-1	2	2	48	48	48	1	1	0	0	8	-1	-1	0	-1	-1	0	0	-1	1	0	0	19	59652323	262412	0	1	-1	512	512	10	9999	1	3	48	1	144	1	1	0	0
408	HERDSHEEP	Herd Sheep	408	188	188	0	1	3	0	0	0	0	0	-1	-1	-1	-1	415	-1	-2	-2	-2	-2	0	0	0	4194340	0	0	0	30	0	0	0	100	0	100	1	0	0	4	0	96	96	96	-1	1	1	48	48	48	1	1	0	0	8	-1	-1	0	-1	-1	0	0	-1	1	0	0	11	59652323	262412	0	1	-1	512	512	10	9999	1	3	48	1	144	1	1	0	0
409	HERDBISON	Herd Bison	409	188	188	0	1	3	0	0	0	0	0	-1	-1	-1	-1	415	-1	-2	-2	-2	-2	0	0	0	4194340	0	0	0	30	0	0	0	100	0	100	1	0	0	4	0	96	96	96	-1	2	2	96	96	96	2	2	0	0	12	-1	-1	0	-1	-1	0	0	-1	1	0	0	19	59652323	262412	0	1	-1	512	512	10	9999	1	3	96	1	144	1	1	0	0
410	HERDBLACKBEAR	Herd Bear	410	188	188	0	1	3	0	0	0	0	0	-1	-1	-1	-1	415	-1	-2	-2	-2	-2	0	0	0	4194340	0	0	0	30	0	0	0	100	0	100	1	0	0	4	0	96	96	96	-1	1	1	48	48	48	1	1	0	0	8	-1	-1	0	-1	-1	0	0	-1	1	0	0	15	59652323	262412	0	1	-1	512	512	10	9999	1	3	48	1	144	1	1	0	0
411	HERDFISH	Herd Fish	411	188	188	0	1	3	0	0	0	0	0	-1	-1	-1	-1	415	-1	-2	-2	-2	-2	0	0	0	4194340	0	0	0	30	0	0	0	100	0	100	1	0	1	4	0	96	96	96	-1	0	0	0	0	0	0	0	0	0	8	-1	-1	0	-1	-1	0	0	-1	1	0	0	25	190887434	524544	0	1	-1	512	512	10	9999	1	3	0	1	144	1	1	0	0
412	HERDWHALES	Herd Whales	412	188	188	0	1	3	0	0	0	0	0	-1	-1	-1	-1	415	-1	-2	-2	-2	-2	0	0	0	4194340	0	0	0	30	0	0	0	100	0	100	1	0	1	4	0	96	96	96	-1	0	0	0	0	0	0	0	0	0	8	-1	-1	0	-1	-1	0	0	-1	1	0	0	25	190887434	524544	0	1	-1	512	512	10	9999	1	3	0	1	144	1	1	0	0
413	HERDPEACOCKS	Herd Peacock	413	188	188	0	1	3	0	0	0	0	0	-1	-1	-1	-1	415	-1	-2	-2	-2	-2	0	0	0	4194340	0	0	0	30	0	0	0	100	0	100	1	0	0	4	0	96	96	96	-1	1	1	48	48	48	1	1	0	0	8	-1	-1	0	-1	-1	0	0	-1	1	0	0	16	59652323	262412	0	1	-1	512	512	10	9999	1	3	48	1	144	1	1	0	0
